product_name,category_name,items_viewed,items_added_to_cart,items_purchased,item_revenue
PowerBrand Zakrętarka udarowa,Elektronarzędzia,304.0,7.0,2.0,1254.600003
PowerBrand Akumulator,Elektronarzędzia,254.0,1024.0,9.0,2858.289994
PowerBrand Akumulatorowa dmuchawa,Narzędzia ogrodowe,235.0,198.0,73.0,40591.779984
PowerBrand Zakrętarka udarowa 2,Elektronarzędzia,222.0,14.0,1.0,754.199998
PowerBrand Dmuchawa akumulatorowa,Elektronarzędzia,188.0,1.0,0.0,0.0
PowerBrand Wiertarko wkrętarka,Elektronarzędzia,166.0,8.0,0.0,0.0
PowerBrand Buty robocze,Środki Ochrony Osobistej BHP,153.0,0.0,0.0,0.0
PowerBrand Akumulatorowa smarownica,Elektronarzędzia,145.0,14.0,3.0,3085.529998
PowerBrand Kompaktowy klucz,Elektronarzędzia,135.0,5.0,1.0,859.28
PowerBrand Buty robocze 3,Środki Ochrony Osobistej BHP,131.0,24.0,6.0,2228.699998
PowerBrand Zakrętarka udarowa 3,Elektronarzędzia,123.0,6.0,0.0,0.0
PowerBrand Rękawice odporne,Środki Ochrony Osobistej BHP,122.0,1.0,0.0,0.0
PowerBrand Buty robocze 2,Środki Ochrony Osobistej BHP,121.0,13.0,7.0,2522.210002
PowerBrand Akumulatorowa przecinarka,Maszyny Budowlane MX FUEL,117.0,0.0,0.0,0.0
PowerBrand Akumulatorowa zakrętarka,Elektronarzędzia,109.0,0.0,0.0,0.0
PowerBrand Poziomica teleskopowa,Narzędzia ręczne,107.0,0.0,0.0,0.0
PowerBrand Buty robocze 4,Środki Ochrony Osobistej BHP,101.0,3.0,1.0,345.47
PowerBrand Otwornica bimetalowa,Akcesoria,101.0,0.0,0.0,0.0
PowerBrand Buty robocze 5,Środki Ochrony Osobistej BHP,96.0,12.0,5.0,1857.249998
PowerBrand Okulary ochronne 2,Środki Ochrony Osobistej BHP,87.0,8.0,14.0,479.77998
PowerBrand Buty robocze 6,Środki Ochrony Osobistej BHP,86.0,9.0,8.0,2971.600005
PowerBrand Akumulatorowy opryskiwacz,Narzędzia ogrodowe,86.0,7.0,2.0,2194.099998
DiamondTools Glider przystawka,Akcesoria,85.0,22.0,5.0,2892.999995
PowerBrand Forge akumulator,Elektronarzędzia,83.0,35.0,4.0,2932.960001
PowerBrand Zakrętarka udarowa 4,Elektronarzędzia,83.0,8.0,3.0,2007.359998
PowerBrand Rękawice odporne 2,Środki Ochrony Osobistej BHP,82.0,1.0,1.0,145.069999
PowerBrand Okulary ochronne,Środki Ochrony Osobistej BHP,81.0,2.0,2.0,178.069999
PowerBrand Wiertarko wkrętarka 2,Elektronarzędzia,80.0,7.0,3.0,2938.199999
PowerBrand Bezszczotkowa szlifierka,Elektronarzędzia,79.0,10.0,1.0,681.25
PowerBrand Cst switch,Narzędzia ogrodowe,74.0,13.0,6.0,5221.260002
PowerBrand Foph hta,Narzędzia ogrodowe,74.0,11.0,6.0,4296.480001
PowerBrand Akumulatorowa pilarka,Elektronarzędzia,73.0,15.0,15.0,9572.55001
PowerBrand Smarownica akumulatorowa,Elektronarzędzia,73.0,0.0,0.0,0.0
PowerBrand Szczypce nastawne,Narzędzia ręczne,73.0,1.0,0.0,0.0
PowerBrand Szczypce nastawne 2,Narzędzia ręczne,69.0,0.0,0.0,0.0
PowerBrand Okulary ochronne 3,Środki Ochrony Osobistej BHP,67.0,22.0,12.0,354.240005
PowerBrand Brzeszczot blaty,Akcesoria,64.0,1.0,5.0,43.949999
PowerBrand Otwornica bimetalowa 2,Akcesoria,64.0,1.0,1.0,177.079999
PowerBrand Zestaw dla,Narzędzia ręczne,63.0,5.0,1.0,995.2
PowerBrand Bllt podkaszarka,Narzędzia ogrodowe,63.0,4.0,3.0,2943.570001
PowerBrand Poziomica slim,Narzędzia ręczne,61.0,0.0,0.0,0.0
PowerBrand Akumulatorowy klucz,Elektronarzędzia,57.0,8.0,0.0,0.0
PowerBrand Rękawice odporne 4,Środki Ochrony Osobistej BHP,57.0,0.0,0.0,0.0
PowerBrand Klucz udarowy 3,Elektronarzędzia,56.0,4.0,1.0,1234.050001
PowerBrand Szlifierka kątowa 2,Elektronarzędzia,56.0,5.0,0.0,0.0
PowerBrand Lac przemysłowy,Elektronarzędzia,55.0,4.0,2.0,4648.0
PowerBrand Okulary ochronne 4,Środki Ochrony Osobistej BHP,54.0,3.0,0.0,0.0
PowerBrand Otwornica bimetalowa 3,Akcesoria,54.0,0.0,0.0,0.0
PowerBrand Klucz udarowy,Elektronarzędzia,53.0,8.0,0.0,0.0
PowerBrand Ładowarka szybka,Elektronarzędzia,52.0,34.0,4.0,1032.58
PowerBrand Rękawice odporne 3,Środki Ochrony Osobistej BHP,52.0,0.0,0.0,0.0
PowerBrand Automatyczny ściągacz,Narzędzia ręczne,51.0,1.0,1.0,69.010001
PowerBrand Klucz udarowy 2,Elektronarzędzia,51.0,3.0,0.0,0.0
PowerBrand Akumulatorowa smarownica 2,Elektronarzędzia,51.0,6.0,7.0,6184.529999
DiamondTools Tarcza diamentowa,Akcesoria,51.0,12.0,5.0,1128.500004
PowerBrand Buty robocze 7,Środki Ochrony Osobistej BHP,50.0,2.0,3.0,1114.349998
PowerBrand Kompaktowa bezszczotkowa,Elektronarzędzia,48.0,6.0,0.0,0.0
PowerBrand Zakrętarka udarowa 5,Elektronarzędzia,48.0,0.0,0.0,0.0
PowerBrand Fhetsp nożyce,Narzędzia ogrodowe,48.0,4.0,0.0,0.0
PowerBrand Akumulatorowe nożyce,Narzędzia ogrodowe,47.0,8.0,5.0,2343.999997
PowerBrand Klucz udarowy 5,Elektronarzędzia,46.0,3.0,0.0,0.0
PowerBrand Otwornica bimetalowa 4,Akcesoria,46.0,0.0,0.0,0.0
PowerBrand Zestawy bitów,Akcesoria,45.0,0.0,0.0,0.0
PowerBrand Pilarka tarczowa,Elektronarzędzia,44.0,3.0,0.0,0.0
PowerBrand Fhx młotowiertarka,Elektronarzędzia,43.0,2.0,2.0,3034.360002
PowerBrand Toolguard wózek,"Przechowywanie, składowanie, transport",43.0,0.0,0.0,0.0
PowerBrand Szlifierka kątowa,Elektronarzędzia,42.0,8.0,1.0,870.570002
PowerBrand Akumulatorowe urządzenie,Narzędzia ogrodowe,42.0,5.0,2.0,3379.499999
PowerBrand Fsz akumulatorowa,Elektronarzędzia,42.0,5.0,0.0,0.0
PowerBrand Otwornica kobaltowa,Akcesoria,42.0,0.0,0.0,0.0
PowerBrand Poziomica magnetyczna,Narzędzia ręczne,42.0,1.0,0.0,0.0
PowerBrand Poziomica elektroniczna,Narzędzia ręczne,40.0,0.0,0.0,0.0
PowerBrand Ogrodnicze urządzenie,Narzędzia ogrodowe,39.0,5.0,3.0,3724.050002
PowerBrand Otwornica kobaltowa 2,Akcesoria,38.0,3.0,0.0,0.0
PowerBrand Agregat prądotwórczy,Elektronarzędzia,37.0,0.0,0.0,0.0
PowerBrand Otwornica bimetalowa 6,Akcesoria,37.0,1.0,1.0,156.160002
PowerBrand Otwornica bimetalowa 5,Akcesoria,37.0,0.0,0.0,0.0
PowerBrand Dłuto usuwania,Akcesoria,36.0,0.0,0.0,0.0
PowerBrand Wiertarko wkrętarka 4,Elektronarzędzia,36.0,0.0,0.0,0.0
PowerBrand Klucz udarowy 4,Elektronarzędzia,36.0,1.0,0.0,0.0
PowerBrand Młotowiertarka akumulatorowa,Elektronarzędzia,36.0,1.0,0.0,0.0
PowerBrand Okulary ochronne 7,Środki Ochrony Osobistej BHP,36.0,1.0,1.0,62.559999
PowerBrand Rękawice całkowicie,Środki Ochrony Osobistej BHP,36.0,10.0,18.0,281.340027
PowerBrand Foph lta,Narzędzia ogrodowe,35.0,7.0,4.0,1990.600001
PowerBrand Okulary ochronne 6,Środki Ochrony Osobistej BHP,35.0,2.0,0.0,0.0
PowerBrand Akumulator forge,Elektronarzędzia,34.0,5.0,3.0,3793.049996
PowerBrand Kompaktowa młotowiertarka,Elektronarzędzia,34.0,1.0,0.0,0.0
PowerBrand Okulary ochronne 5,Środki Ochrony Osobistej BHP,34.0,12.0,9.0,276.750008
PowerBrand Wiertło płytek,Akcesoria,34.0,0.0,0.0,0.0
PowerBrand Akumulator ion,Elektronarzędzia,33.0,15.0,2.0,670.379998
PowerBrand Poziomica magnetyczna 2,Narzędzia ręczne,33.0,2.0,0.0,0.0
PowerBrand Rękawice skórzane,Środki Ochrony Osobistej BHP,33.0,0.0,1.0,123.600002
PowerBrand Hogert zestaw,Narzędzia ręczne,32.0,3.0,3.0,1142.779998
PowerBrand Wiertarko wkrętarka 3,Elektronarzędzia,32.0,5.0,0.0,0.0
PowerBrand Otwornica bimetalowa 7,Akcesoria,32.0,0.0,0.0,0.0
PowerBrand Rękawice ochronne,Środki Ochrony Osobistej BHP,32.0,0.0,0.0,0.0
PowerBrand Wkrętak torx,Narzędzia ręczne,32.0,1.0,0.0,0.0
PowerBrand Buty robocze 8,Środki Ochrony Osobistej BHP,31.0,4.0,2.0,742.899999
PowerBrand Onefhx młotowiertarka,Elektronarzędzia,31.0,5.0,0.0,0.0
PowerBrand Grzechotka udarowa,Elektronarzędzia,31.0,4.0,1.0,933.210001
PowerBrand Proxxon szlifierka,Elektronarzędzia,31.0,1.0,2.0,1407.000002
PowerBrand Szlifierka kątowa 3,Elektronarzędzia,30.0,6.0,0.0,0.0
PowerBrand Akumulatorowa dmuchawa 3,Narzędzia ogrodowe,30.0,1.0,0.0,0.0
PowerBrand Klucz udarowy 8,Elektronarzędzia,30.0,2.0,0.0,0.0
PowerBrand Wiertło płytek 2,Akcesoria,29.0,0.0,0.0,0.0
PowerBrand Zestaw bitów 3,Akcesoria,29.0,4.0,1.0,131.999998
PowerBrand Akumulatorowa dmuchawa 2,DMUCHAWY,28.0,0.0,0.0,0.0
PowerBrand Okulary ochronne 8,Środki Ochrony Osobistej BHP,28.0,0.0,0.0,0.0
PowerBrand Otwornica bimetalowa 8,Akcesoria,28.0,0.0,0.0,0.0
PowerBrand Rękawice skórzane 3,Środki Ochrony Osobistej BHP,28.0,0.0,0.0,0.0
PowerBrand Tarcza pilarska,Akcesoria,28.0,1.0,0.0,0.0
PowerBrand Radio głośnik,Elektronarzędzia,27.0,4.0,0.0,0.0
PowerBrand Młotowiertarka fhx,Elektronarzędzia,27.0,1.0,0.0,0.0
PowerBrand Poziomica magnetyczna 3,Narzędzia ręczne,27.0,1.0,0.0,0.0
PowerBrand Bezszczotkowa wiertarko,Elektronarzędzia,26.0,2.0,0.0,0.0
PowerBrand Kompaktowa zakrętarka,Elektronarzędzia,26.0,6.0,0.0,0.0
PowerBrand Fbcu wykaszarka,Narzędzia ogrodowe,26.0,0.0,0.0,0.0
PowerBrand Red cobalt,Akcesoria,26.0,3.0,1.0,421.27
PowerBrand Otwornica bimetalowa 10,Akcesoria,26.0,1.0,0.0,0.0
PowerBrand Otwornica bimetalowa 9,Akcesoria,26.0,0.0,0.0,0.0
PowerBrand Kosiarka akumulatorowa,Narzędzia ogrodowe,26.0,0.0,0.0,0.0
PowerBrand Brzeszczot wyrzynarki,Akcesoria,25.0,0.0,4.0,24.680007
PowerBrand Brzeszczot wyrzynarki 2,Akcesoria,25.0,5.0,0.0,0.0
DiamondTools Pro gres,Akcesoria,25.0,8.0,5.0,471.529995
PowerBrand Nożyce żywopłotu,Narzędzia ogrodowe,25.0,4.0,1.0,1399.490001
PowerBrand Klucz udarowy 6,Elektronarzędzia,25.0,5.0,0.0,0.0
PowerBrand Rękawice robocze,Środki Ochrony Osobistej BHP,25.0,0.0,0.0,0.0
PowerBrand Wykaszarka akumulatorowa,Narzędzia ogrodowe,25.0,2.0,0.0,0.0
PowerBrand Bity udarowe 3,Akcesoria,24.0,15.0,10.0,26.600017
DiamondTools Scalpel ultracienka,Akcesoria,24.0,4.0,3.0,441.300004
PowerBrand Zestaw bitów,Akcesoria,24.0,2.0,0.0,0.0
PowerBrand Prcdab radio,Elektronarzędzia,24.0,2.0,0.0,0.0
PowerBrand Taśma miernicza,Narzędzia ręczne,24.0,0.0,0.0,0.0
PowerBrand Bity udarowe 2,Akcesoria,23.0,0.0,10.0,24.10001
PowerBrand Bity udarowe,Akcesoria,23.0,82.0,0.0,0.0
DiamondTools Esthete ultracienka,Akcesoria,23.0,3.0,1.0,141.51
DiamondTools Mechanic slider,SZLIFIERKI,23.0,3.0,1.0,174.13
PowerBrand Wyrzynarka rękojeścią,Elektronarzędzia,23.0,0.0,0.0,0.0
PowerBrand Miara zwijana,Narzędzia ręczne,23.0,3.0,3.0,301.949998
PowerBrand Okulary ochronne 9,Środki Ochrony Osobistej BHP,23.0,7.0,2.0,84.000003
PowerBrand Bbl kompaktowa,Elektronarzędzia,23.0,1.0,0.0,0.0
PowerBrand Akumulatorowy opryskiwacz 2,Narzędzia ogrodowe,23.0,3.0,1.0,1097.050002
PowerBrand Bsx piła,Elektronarzędzia,23.0,3.0,0.0,0.0
PowerBrand Fidrq hydrauliczna,Elektronarzędzia,23.0,0.0,0.0,0.0
PowerBrand Foph exa,Narzędzia ogrodowe,23.0,7.0,3.0,861.33
PowerBrand Fsz akumulatorowa 2,Elektronarzędzia,23.0,0.0,0.0,0.0
PowerBrand Poziomica torpedo,Narzędzia ręczne,23.0,0.0,0.0,0.0
PowerBrand Wiertło uniwersalne,Akcesoria,23.0,0.0,0.0,0.0
PowerBrand Zestaw bitów 2,Akcesoria,23.0,2.0,1.0,137.390001
PowerBrand Klucz udarowy 9,Elektronarzędzia,22.0,4.0,2.0,2468.100002
PowerBrand Wiertarko wkrętarka 6,Elektronarzędzia,22.0,1.0,1.0,692.74
PowerBrand Nóż łamanym,Narzędzia ręczne,22.0,2.0,1.0,29.949999
PowerBrand Szlifierka trzpieniowa,Elektronarzędzia,22.0,2.0,0.0,0.0
PowerBrand Rękawice skórzane 2,Środki Ochrony Osobistej BHP,22.0,0.0,0.0,0.0
PowerBrand Sekator teleskopowy,Narzędzia ogrodowe,22.0,2.0,1.0,2470.0
PowerBrand Zestaw otwornic,Akcesoria,22.0,0.0,0.0,0.0
PowerBrand Kątownik ciesielski,Narzędzia ręczne,21.0,0.0,0.0,0.0
PowerBrand Bezszczotkowa szlifierka 2,Elektronarzędzia,21.0,0.0,0.0,0.0
PowerBrand Bst akumulatorowy,Elektronarzędzia,21.0,0.0,0.0,0.0
PowerBrand Klucz udarowy 10,Elektronarzędzia,21.0,0.0,0.0,0.0
PowerBrand Okulary ochronne 10,Środki Ochrony Osobistej BHP,21.0,0.0,0.0,0.0
PowerBrand Otwornica węglikiem,Akcesoria,21.0,0.0,0.0,0.0
PowerBrand Rękawice całkowicie 2,Środki Ochrony Osobistej BHP,21.0,0.0,0.0,0.0
DiamondTools Tarcza diamentowa 3,Akcesoria,21.0,3.0,1.0,198.439999
PowerBrand Tarcza diamentowa,Akcesoria,21.0,1.0,0.0,0.0
PowerBrand Wiertło płytek 3,Akcesoria,21.0,1.0,1.0,20.689999
PowerBrand Brzeszczot wyrzynarki 3,Akcesoria,20.0,1.0,0.0,0.0
PowerBrand Dłuto szpiczaste,Akcesoria,20.0,0.0,0.0,0.0
PowerBrand Szlifierka kątowa 4,Elektronarzędzia,20.0,0.0,0.0,0.0
PowerBrand Otwornica kobaltowa 3,Akcesoria,20.0,1.0,0.0,0.0
PowerBrand Otwornica węglikiem 3,Akcesoria,20.0,0.0,0.0,0.0
PowerBrand Rękawice odporne 5,Środki Ochrony Osobistej BHP,20.0,39.0,15.0,208.349987
DiamondTools Tarcza diamentowa 2,Akcesoria,20.0,9.0,5.0,844.099997
PowerBrand Zagęszczarka weber,Wypożyczalnia,20.0,0.0,0.0,0.0
PowerBrand Łapka precyzyjna,Narzędzia ręczne,20.0,1.0,0.0,0.0
PowerBrand Subkompaktowa wiertarko,Elektronarzędzia,19.0,1.0,0.0,0.0
PowerBrand Młotowiertarka sds,Elektronarzędzia,19.0,2.0,0.0,0.0
PowerBrand Kompaktowa bezszczotkowa 3,Elektronarzędzia,19.0,3.0,1.0,1443.19
PowerBrand Bpfph plecakowy,Narzędzia ogrodowe,19.0,0.0,0.0,0.0
PowerBrand Akumulatorowa kosa,Narzędzia ogrodowe,19.0,1.0,0.0,0.0
PowerBrand Foph przystawka,Narzędzia ogrodowe,19.0,2.0,1.0,1651.069999
PowerBrand Fsx akumulatorowa,Elektronarzędzia,19.0,1.0,0.0,0.0
PowerBrand Klucz udarowy 7,Elektronarzędzia,19.0,0.0,0.0,0.0
PowerBrand Otwornica bimetalowa 11,Akcesoria,19.0,0.0,0.0,0.0
PowerBrand Poziomica elektroniczna 2,Narzędzia ręczne,19.0,0.0,0.0,0.0
PowerBrand Rękawice całkowicie 3,Środki Ochrony Osobistej BHP,19.0,5.0,10.0,156.499982
PowerBrand Rękawice chemoodporne,Środki Ochrony Osobistej BHP,19.0,4.0,1.0,62.210001
PowerBrand Zestaw otwornic 2,Akcesoria,19.0,0.0,0.0,0.0
PowerBrand Bit udarowy,Akcesoria,18.0,5.0,0.0,0.0
PowerBrand Akumulator forge 2,Elektronarzędzia,18.0,0.0,0.0,0.0
PowerBrand Akumulator high,Elektronarzędzia,18.0,1.0,0.0,0.0
PowerBrand Kompaktowa bezszczotkowa 2,Elektronarzędzia,18.0,2.0,0.0,0.0
PowerBrand Nóż multifunkcyjny,Narzędzia ręczne,18.0,4.0,6.0,305.340001
PowerBrand Foph‑ea krawędziarka,Narzędzia ogrodowe,18.0,5.0,4.0,2276.599998
PowerBrand Mxftlic mobilny,Oświetlenie,18.0,0.0,0.0,0.0
PowerBrand Proxxon szlifierka 2,Elektronarzędzia,18.0,1.0,1.0,437.739998
PowerBrand Rękawice odporne 6,Środki Ochrony Osobistej BHP,18.0,1.0,0.0,0.0
PowerBrand Rękawice skórzane 4,Środki Ochrony Osobistej BHP,18.0,0.0,0.0,0.0
PowerBrand Tarcza pilarska 2,Akcesoria,18.0,0.0,0.0,0.0
PowerBrand Wkrętak torx 2,Narzędzia ręczne,18.0,1.0,0.0,0.0
PowerBrand Bity udarowe 4,Akcesoria,17.0,2.0,0.0,0.0
PowerBrand Inkzall olejowy,Narzędzia ręczne,17.0,10.0,13.0,252.979987
PowerBrand Bezszczotkowa wiertarko 2,Elektronarzędzia,17.0,0.0,0.0,0.0
PowerBrand Rcdab radio,Elektronarzędzia,17.0,0.0,0.0,0.0
PowerBrand Młotowiertarka sds 7,Elektronarzędzia,17.0,4.0,1.0,754.000002
PowerBrand Otwornica kobaltowa 4,Akcesoria,17.0,0.0,0.0,0.0
PowerBrand Zestaw bitów 6,Akcesoria,17.0,0.0,0.0,0.0
PowerBrand Buty robocze 9,Środki Ochrony Osobistej BHP,16.0,2.0,1.0,406.079998
PowerBrand Buty robocze 11,Środki Ochrony Osobistej BHP,16.0,1.0,0.0,0.0
DiamondTools Galaxy tarcza,Akcesoria,16.0,14.0,2.0,545.759997
PowerBrand Młot wiercąco,Elektronarzędzia,16.0,1.0,0.0,0.0
PowerBrand Bezszczotkowy młot,Elektronarzędzia,16.0,2.0,0.0,0.0
PowerBrand Miara składana,Narzędzia ręczne,16.0,0.0,0.0,0.0
PowerBrand Miara taśma,Narzędzia ręczne,16.0,0.0,0.0,0.0
PowerBrand Świąteczny zestaw,Narzędzia ręczne,16.0,0.0,0.0,0.0
PowerBrand Młot wiercąco 2,Elektronarzędzia,16.0,5.0,0.0,0.0
PowerBrand Otwornica węglikiem 2,Akcesoria,16.0,0.0,0.0,0.0
PowerBrand Poziomica redstick,Narzędzia ręczne,16.0,0.0,0.0,0.0
PowerBrand Zestaw bitów 4,Akcesoria,16.0,0.0,0.0,0.0
PowerBrand Buty robocze 10,Środki Ochrony Osobistej BHP,15.0,0.0,0.0,0.0
DiamondTools Box torba,"Przechowywanie, składowanie, transport",15.0,0.0,0.0,0.0
DiamondTools Diamentowa tarcza,Akcesoria,15.0,11.0,0.0,0.0
PowerBrand Wyrzynarka rękojeścią 2,Elektronarzędzia,15.0,2.0,0.0,0.0
PowerBrand Kompaktowa wiertarko,Elektronarzędzia,15.0,0.0,0.0,0.0
PowerBrand Ppc akumulatorowa,Elektronarzędzia,15.0,4.0,1.0,650.08
PowerBrand Ffn gwoździarka,Elektronarzędzia,15.0,0.0,0.0,0.0
PowerBrand Pilarka łańcuchowa,Narzędzia ogrodowe,15.0,0.0,0.0,0.0
PowerBrand Pods separator,Elektronarzędzia,15.0,0.0,0.0,0.0
PowerBrand Otwornica bimetalowa 12,Akcesoria,15.0,1.0,0.0,0.0
PowerBrand Rękawice odporne 8,Środki Ochrony Osobistej BHP,15.0,38.0,24.0,333.120008
PowerBrand Rękawice odporne 7,Środki Ochrony Osobistej BHP,15.0,3.0,1.0,24.04
PowerBrand Subkompaktowa wiertarko 6,Elektronarzędzia,15.0,0.0,0.0,0.0
PowerBrand Bity udarowe 6,Akcesoria,14.0,28.0,0.0,0.0
PowerBrand Brzeszczot drewna,Akcesoria,14.0,0.0,0.0,0.0
PowerBrand Brzeszczot wyrzynarki 5,Akcesoria,14.0,0.0,3.0,64.260004
DiamondTools Coolpad,,,,,
DiamondTools Mechanic click,Akcesoria,14.0,0.0,2.0,482.780003
DiamondTools Rapid diamentowa,Akcesoria,14.0,0.0,0.0,0.0
PowerBrand Subkompaktowa wiertarko 3,Elektronarzędzia,14.0,2.0,1.0,916.710002
PowerBrand Subkompaktowa wiertarko 4,Elektronarzędzia,14.0,1.0,0.0,0.0
PowerBrand Młotowiertarka sds 2,Elektronarzędzia,14.0,0.0,0.0,0.0
PowerBrand Odkurzacz sucho,Elektronarzędzia,14.0,2.0,0.0,0.0
PowerBrand Czołówka spot,Oświetlenie,14.0,1.0,1.0,319.790001
PowerBrand Akumulatorowa kosiarka,Narzędzia ogrodowe,14.0,1.0,0.0,0.0
PowerBrand Szlifierka kątowa 13,Elektronarzędzia,14.0,2.0,0.0,0.0
PowerBrand Nasadka udarowa,Akcesoria,14.0,0.0,0.0,0.0
PowerBrand Okulary ochronne 11,Środki Ochrony Osobistej BHP,14.0,0.0,0.0,0.0
PowerBrand Taśma miernicza 2,Narzędzia ręczne,14.0,2.0,2.0,108.000002
PowerBrand Wiertło spiralne,Akcesoria,14.0,0.0,0.0,0.0
PowerBrand Wiertło uniwersalne 2,Akcesoria,14.0,0.0,0.0,0.0
PowerBrand Wkrętak krzyżowy,Narzędzia ręczne,14.0,0.0,0.0,0.0
PowerBrand Wkrętak torx 3,Narzędzia ręczne,14.0,1.0,0.0,0.0
PowerBrand Zestaw bitów 5,Akcesoria,14.0,0.0,0.0,0.0
PowerBrand Zestaw nasadek,Akcesoria,14.0,2.0,0.0,0.0
PowerBrand Brzeszczot wyrzynarki 4,Akcesoria,13.0,0.0,0.0,0.0
PowerBrand Buty robocze 12,Środki Ochrony Osobistej BHP,13.0,1.0,1.0,371.45
DiamondTools Mechanic abrasive,Akcesoria,13.0,4.0,1.0,34.770001
DiamondTools Shine wyjątkowo,Akcesoria,13.0,7.0,3.0,575.519998
PowerBrand Kompaktowa bezszczotkowa 4,Elektronarzędzia,13.0,0.0,0.0,0.0
PowerBrand Akumulator ion 2,Elektronarzędzia,13.0,3.0,0.0,0.0
PowerBrand Subkompaktowa lutownica,Elektronarzędzia,13.0,0.0,0.0,0.0
PowerBrand Miara taśma 2,Narzędzia ręczne,13.0,2.0,2.0,177.22
PowerBrand Wst switch,Narzędzia ogrodowe,13.0,1.0,0.0,0.0
PowerBrand Bmt narzędzie,Elektronarzędzia,13.0,1.0,1.0,677.159999
PowerBrand Dmuchawa plecakowa,Narzędzia ogrodowe,13.0,0.0,0.0,0.0
PowerBrand Nożyce akumulatorowe,Narzędzia ogrodowe,13.0,0.0,0.0,0.0
PowerBrand Nożyce żywopłotu 3,Narzędzia ogrodowe,13.0,0.0,0.0,0.0
PowerBrand Szlifierka kątowa 7,Elektronarzędzia,13.0,1.0,0.0,0.0
PowerBrand Fhz akumulatorowa,Elektronarzędzia,13.0,0.0,0.0,0.0
PowerBrand Foph csa,Narzędzia ogrodowe,13.0,3.0,0.0,0.0
PowerBrand Zagłębiarka walizce,Elektronarzędzia,13.0,0.0,0.0,0.0
PowerBrand Otwornica bimetalowa 13,Akcesoria,13.0,0.0,0.0,0.0
PowerBrand Otwornica węglikiem 4,Akcesoria,13.0,1.0,1.0,226.47
PowerBrand Rękawice odporne 9,Środki Ochrony Osobistej BHP,13.0,0.0,0.0,0.0
PowerBrand Sznur traserski,Narzędzia ręczne,13.0,0.0,0.0,0.0
PowerBrand Tarcza pilarska 4,Akcesoria,13.0,0.0,0.0,0.0
PowerBrand Wiertło uniwersalne 3,Akcesoria,13.0,0.0,0.0,0.0
PowerBrand Zestaw kluczy,Narzędzia ręczne,13.0,0.0,0.0,0.0
PowerBrand Bit udarowy 2,Akcesoria,12.0,2.0,0.0,0.0
PowerBrand Bit udarowy 3,Akcesoria,12.0,3.0,0.0,0.0
DiamondTools Mechanic air,SZLIFIERKI,12.0,2.0,1.0,187.490001
PowerBrand Subkompaktowy kompresor,Elektronarzędzia,12.0,1.0,0.0,0.0
PowerBrand Subkompaktowa wiertarko 2,Elektronarzędzia,12.0,2.0,0.0,0.0
PowerBrand High output,Elektronarzędzia,12.0,7.0,0.0,0.0
PowerBrand Narzędzie wielofunkcyjne,Elektronarzędzia,12.0,0.0,0.0,0.0
PowerBrand Wiertarko wkrętarka 5,Elektronarzędzia,12.0,3.0,0.0,0.0
PowerBrand Szlifierka kątowa 8,Elektronarzędzia,12.0,1.0,0.0,0.0
PowerBrand Hcct force,Elektronarzędzia,12.0,0.0,0.0,0.0
PowerBrand Kompaktowa bezszczotkowa 5,Elektronarzędzia,12.0,0.0,0.0,0.0
PowerBrand Szlifierka mimośrodowa,Elektronarzędzia,12.0,1.0,1.0,514.79
PowerBrand Zestaw wkrętaków 2,Narzędzia ręczne,12.0,3.0,1.0,220.65
PowerBrand Wiertnica diamentowa,Elektronarzędzia,12.0,1.0,0.0,0.0
PowerBrand Akumulatorowy opryskiwacz 4,Narzędzia ogrodowe,12.0,0.0,0.0,0.0
PowerBrand Bswp hydropass,Narzędzia ogrodowe,12.0,0.0,0.0,0.0
PowerBrand Akumulatorowy obcinak,Elektronarzędzia,12.0,2.0,0.0,0.0
PowerBrand Foph akumulatorowa,Narzędzia ogrodowe,12.0,0.0,0.0,0.0
PowerBrand Nasadka magnetyczna,Akcesoria,12.0,4.0,0.0,0.0
PowerBrand Tarcza listkowe,Akcesoria,12.0,0.0,0.0,0.0
PowerBrand Zestaw wierteł 2,Akcesoria,12.0,1.0,1.0,90.179999
PowerBrand Akumulator redlithium,Elektronarzędzia,11.0,0.0,0.0,0.0
PowerBrand Akumulatorowa pilarka 2,Elektronarzędzia,11.0,3.0,0.0,0.0
PowerBrand Bity udarowe 5,Akcesoria,11.0,0.0,0.0,0.0
PowerBrand Bity udarowe 9,Akcesoria,11.0,49.0,0.0,0.0
PowerBrand Buty robocze 13,Środki Ochrony Osobistej BHP,11.0,0.0,0.0,0.0
PowerBrand Cienkie markery,Narzędzia ręczne,11.0,1.0,0.0,0.0
DiamondTools Coolpad,,,,,
DiamondTools Dds wiertło,Akcesoria,11.0,7.0,6.0,1355.949997
DiamondTools Mastercut diamentowa,Akcesoria,11.0,6.0,0.0,0.0
DiamondTools Mastercut tarcza,Akcesoria,11.0,0.0,1.0,60.22
PowerBrand Subkompaktowa szlifierka,Elektronarzędzia,11.0,1.0,0.0,0.0
PowerBrand Subkompaktowa wiertarko 5,Elektronarzędzia,11.0,1.0,1.0,632.28
PowerBrand Laser zielony,Elektronarzędzia,11.0,0.0,0.0,0.0
PowerBrand Szlifierka kątowa 6,Elektronarzędzia,11.0,2.0,0.0,0.0
PowerBrand Akumulator high 2,Elektronarzędzia,11.0,1.0,1.0,364.439998
PowerBrand Niwelator laserowy,Narzędzia pomiarowe,11.0,1.0,0.0,0.0
PowerBrand Marker końcówką,Narzędzia ręczne,11.0,0.0,0.0,0.0
PowerBrand Hiwf klucz,Elektronarzędzia,11.0,0.0,0.0,0.0
PowerBrand Nożyce żywopłotu 2,Narzędzia ogrodowe,11.0,0.0,0.0,0.0
PowerBrand Gwoździarka wykończeniowa,Elektronarzędzia,11.0,1.0,0.0,0.0
PowerBrand Klucz udarowy 11,Elektronarzędzia,11.0,0.0,0.0,0.0
PowerBrand Szlifierka kątowa 12,Elektronarzędzia,11.0,1.0,0.0,0.0
PowerBrand Otwornica bimetalowa 14,Akcesoria,11.0,0.0,0.0,0.0
PowerBrand Otwornica węglikiem 7,Akcesoria,11.0,0.0,0.0,0.0
PowerBrand Poziomica redstick 2,Narzędzia ręczne,11.0,0.0,0.0,0.0
PowerBrand Rękawice chemoodporne 2,Środki Ochrony Osobistej BHP,11.0,2.0,1.0,55.990002
PowerBrand Sds max,Akcesoria,11.0,0.0,0.0,0.0
PowerBrand Szlifierka kątowa 5,Elektronarzędzia,11.0,1.0,1.0,377.69
PowerBrand Impact bit,NASADKI UDAROWE Z KOŃCÓWKĄ BITA,11.0,1.0,1.0,41.920002
PowerBrand Tarcza pilarska 8,Akcesoria,11.0,0.0,0.0,0.0
PowerBrand Tarcza tnąca,Akcesoria,11.0,1.0,0.0,0.0
PowerBrand Wkrętak krzyżowy 2,Narzędzia ręczne,11.0,1.0,0.0,0.0
PowerBrand Zatyczki uszu,Środki Ochrony Osobistej BHP,11.0,0.0,0.0,0.0
PowerBrand Zestaw bitów 8,Akcesoria,11.0,3.0,2.0,395.559997
PowerBrand Akumulatorowy opryskiwacz 3,Narzędzia ogrodowe,10.0,1.0,2.0,1575.440001
PowerBrand Bity,Akcesoria,10.0,0.0,0.0,0.0
PowerBrand Bity udarowe 7,Akcesoria,10.0,2.0,0.0,0.0
DiamondTools Cleaner ultracienka,Akcesoria,10.0,0.0,0.0,0.0
DiamondTools Decor slim,Akcesoria,10.0,3.0,1.0,86.920002
DiamondTools Hard ceramics,Akcesoria,10.0,5.0,3.0,550.889999
PowerBrand Szlifierka kątowa 10,Elektronarzędzia,10.0,1.0,0.0,0.0
PowerBrand Magnetyczny uchwyt,Akcesoria,10.0,6.0,3.0,39.540003
PowerBrand Zestaw nasadek 2,Akcesoria,10.0,2.0,0.0,0.0
PowerBrand Bpfp wst,Narzędzia ogrodowe,10.0,0.0,0.0,0.0
PowerBrand Fac sprężarka,Elektronarzędzia,10.0,1.0,0.0,0.0
PowerBrand Foph przystawka 2,Narzędzia ogrodowe,10.0,0.0,2.0,2361.800001
PowerBrand Akumulatorowa smarownica 3,Elektronarzędzia,10.0,3.0,3.0,2820.120002
PowerBrand Raddab akumulatorowe,Elektronarzędzia,10.0,0.0,0.0,0.0
PowerBrand Miniładowarka powerbank,AKUMULATORY I ŁADOWARKI,10.0,1.0,1.0,540.029999
PowerBrand Nasadka udarowa 2,Akcesoria,10.0,2.0,1.0,80.649998
PowerBrand Nóż nożyk,Narzędzia ręczne,10.0,1.0,1.0,79.457377
PowerBrand Nóż składany,Narzędzia ręczne,10.0,0.0,1.0,170.0
PowerBrand Odkurzacz akumulatorowy,Elektronarzędzia,10.0,2.0,2.0,1432.740003
PowerBrand Otwornica bimetalowa 15,Akcesoria,10.0,1.0,0.0,0.0
PowerBrand Otwornica bimetalowa 16,Akcesoria,10.0,1.0,0.0,0.0
PowerBrand Otwornica węglikiem 6,Akcesoria,10.0,0.0,0.0,0.0
PowerBrand Poziomica slim 4,Narzędzia ręczne,10.0,1.0,0.0,0.0
PowerBrand Rękawice całkowicie 4,Środki Ochrony Osobistej BHP,10.0,0.0,0.0,0.0
PowerBrand Rękawice odporne 10,Środki Ochrony Osobistej BHP,10.0,0.0,0.0,0.0
PowerBrand Rękawice skórzane 7,Środki Ochrony Osobistej BHP,10.0,0.0,0.0,0.0
PowerBrand Rękawice skórzane 6,Środki Ochrony Osobistej BHP,10.0,0.0,0.0,0.0
PowerBrand Rękawice skórzane 5,Środki Ochrony Osobistej BHP,10.0,0.0,0.0,0.0
PowerBrand Shw puck,(not set),10.0,0.0,0.0,0.0
PowerBrand Szlifierka kątowa 15,Elektronarzędzia,10.0,4.0,2.0,2769.359999
PowerBrand Impact bit 2,NASADKI UDAROWE Z KOŃCÓWKĄ BITA,10.0,1.0,1.0,41.909999
PowerBrand Tarcza pilarska 3,Akcesoria,10.0,1.0,0.0,0.0
PowerBrand Tarcza pilarska 5,TARCZE DO DREWNA,10.0,0.0,0.0,0.0
PowerBrand Wkładka piankowa 2,Narzędzia ręczne,10.0,0.0,0.0,0.0
PowerBrand Zestaw otwornic 3,Akcesoria,10.0,0.0,0.0,0.0
PowerBrand Bity udarowe 8,Akcesoria,9.0,1.0,0.0,0.0
PowerBrand Bluza kapturem,Środki Ochrony Osobistej BHP,9.0,0.0,0.0,0.0
PowerBrand Brzeszczot węglikiem,Akcesoria,9.0,0.0,0.0,0.0
PowerBrand Brzeszczot wyrzynarki 6,Akcesoria,9.0,0.0,0.0,0.0
PowerBrand Buty robocze 16,Środki Ochrony Osobistej BHP,9.0,0.0,0.0,0.0
PowerBrand Buty robocze 14,Środki Ochrony Osobistej BHP,9.0,1.0,0.0,0.0
DiamondTools Dds wiertło 2,Akcesoria,9.0,3.0,1.0,325.080002
DiamondTools Esthete tarcza,Akcesoria,9.0,5.0,3.0,424.529997
DiamondTools Multigres tarcza,Akcesoria,9.0,5.0,1.0,95.760002
DiamondTools Otwornica sucha,Akcesoria,9.0,0.0,0.0,0.0
PowerBrand Sprężarka,Elektronarzędzia,9.0,0.0,0.0,0.0
PowerBrand Sds plus,(not set),9.0,0.0,0.0,0.0
PowerBrand Frezarka górnowrzecionowa,Elektronarzędzia,9.0,0.0,0.0,0.0
PowerBrand Wyrzynarka bjs,Elektronarzędzia,9.0,1.0,0.0,0.0
PowerBrand Kompaktowa bezszczotkowa 7,Elektronarzędzia,9.0,1.0,0.0,0.0
PowerBrand Zestaw dysz,DMUCHAWY,9.0,1.0,1.0,137.690001
PowerBrand Zestaw kluczy 2,Narzędzia ręczne,9.0,0.0,0.0,0.0
PowerBrand Pilarka taśmowa,Elektronarzędzia,9.0,0.0,0.0,0.0
PowerBrand Dbsc podwójna,Elektronarzędzia,9.0,4.0,0.0,0.0
PowerBrand Szlifierka kątowa 11,Elektronarzędzia,9.0,1.0,0.0,0.0
PowerBrand Wiertarko wkrętarka 8,Elektronarzędzia,9.0,2.0,1.0,807.94
PowerBrand Nasadka udarowa 3,Akcesoria,9.0,0.0,1.0,86.029999
PowerBrand Otwornica węglikiem 5,Akcesoria,9.0,0.0,0.0,0.0
PowerBrand Otwornica zębami,Akcesoria,9.0,0.0,0.0,0.0
PowerBrand Poziomica slim 2,Narzędzia ręczne,9.0,2.0,0.0,0.0
PowerBrand Rękawice odporne 11,Środki Ochrony Osobistej BHP,9.0,0.0,0.0,0.0
PowerBrand Rękawice zimowe,Środki Ochrony Osobistej BHP,9.0,0.0,0.0,0.0
PowerBrand Szlifierka kątowa 14,Elektronarzędzia,9.0,1.0,0.0,0.0
PowerBrand Szlifierka kątowa 9,Elektronarzędzia,9.0,0.0,0.0,0.0
PowerBrand Tarcza pilarska 9,Akcesoria,9.0,0.0,0.0,0.0
PowerBrand Tarcza pilarska 11,Akcesoria,9.0,0.0,0.0,0.0
PowerBrand Uchwyty bitów,Akcesoria,9.0,0.0,0.0,0.0
PowerBrand Wiertło uniwersalne 4,Akcesoria,9.0,0.0,0.0,0.0
PowerBrand Wkrętak torx 4,Narzędzia ręczne,9.0,1.0,0.0,0.0
PowerBrand Zestaw bitów 7,Akcesoria,9.0,1.0,1.0,240.929999
PowerBrand Bity udarowe 10,Akcesoria,8.0,0.0,0.0,0.0
PowerBrand Bity udarowe 11,Akcesoria,8.0,0.0,0.0,0.0
PowerBrand Brzeszczot drewna 2,Akcesoria,8.0,0.0,0.0,0.0
PowerBrand Buty robocze 15,Środki Ochrony Osobistej BHP,8.0,0.0,0.0,0.0
PowerBrand Buty robocze 19,Środki Ochrony Osobistej BHP,8.0,0.0,0.0,0.0
DiamondTools Edge tarcza,Akcesoria,8.0,0.0,1.0,294.130001
DiamondTools Cordset zestaw,Akcesoria,8.0,4.0,1.0,191.84
DiamondTools Hard ceramics 3,Akcesoria,8.0,1.0,1.0,143.79
DiamondTools Mechanic airchaser,SZLIFIERKI,8.0,0.0,0.0,0.0
PowerBrand Kompaktowy klucz 2,Elektronarzędzia,8.0,1.0,0.0,0.0
PowerBrand Hpt subkompaktowa,Elektronarzędzia,8.0,0.0,0.0,0.0
PowerBrand Arfhp wysokowydajny,Elektronarzędzia,8.0,0.0,0.0,0.0
PowerBrand Btp kompaktowa,Elektronarzędzia,8.0,0.0,0.0,0.0
PowerBrand Fhx‑ młotowiertarka,Elektronarzędzia,8.0,2.0,0.0,0.0
PowerBrand Akumulator high 3,Elektronarzędzia,8.0,6.0,1.0,1245.47
PowerBrand Głośnik bluetooth,Elektronarzędzia,8.0,0.0,0.0,0.0
PowerBrand Pistolet klejenia,Elektronarzędzia,8.0,0.0,1.0,994.26
PowerBrand Kompaktowa bezszczotkowa 6,Elektronarzędzia,8.0,0.0,0.0,0.0
PowerBrand Adapter udarowy,Akcesoria,8.0,2.0,0.0,0.0
PowerBrand Ołówek mechaniczny,Narzędzia ręczne,8.0,2.0,0.0,0.0
PowerBrand Inkzall cienkopisy,Narzędzia ręczne,8.0,0.0,0.0,0.0
PowerBrand Grzechotka akumulatorowa,Elektronarzędzia,8.0,3.0,0.0,0.0
PowerBrand Grzechotka akumulatorowa 2,Elektronarzędzia,8.0,3.0,0.0,0.0
PowerBrand Fptr akumulatorowa,Elektronarzędzia,8.0,0.0,0.0,0.0
PowerBrand Ładowarka sześciostanowiskowa,Elektronarzędzia,8.0,0.0,0.0,0.0
PowerBrand Bhg opalarka,Elektronarzędzia,8.0,0.0,0.0,0.0
PowerBrand Blswp hydropass,Narzędzia ogrodowe,8.0,1.0,0.0,0.0
PowerBrand Kompaktowy odkurzacz,Elektronarzędzia,8.0,1.0,0.0,0.0
PowerBrand Ffus zszywacz,Elektronarzędzia,8.0,0.0,0.0,0.0
PowerBrand Akumulator 2,Maszyny Budowlane MX FUEL,8.0,0.0,0.0,0.0
PowerBrand Nasadka udarowa 5,Akcesoria,8.0,0.0,0.0,0.0
PowerBrand Nóż nożyk 3,Narzędzia ręczne,8.0,0.0,0.0,0.0
PowerBrand Otwornica węglikiem 8,Akcesoria,8.0,0.0,0.0,0.0
PowerBrand Poziomica slim 3,Narzędzia ręczne,8.0,0.0,0.0,0.0
PowerBrand Rękawice chemoodporne 3,Środki Ochrony Osobistej BHP,8.0,0.0,0.0,0.0
DiamondTools Tarcza diamentowa 4,Akcesoria,8.0,0.0,0.0,0.0
PowerBrand Tarcza pilarska 6,Akcesoria,8.0,0.0,0.0,0.0
PowerBrand Tarcza pilarska 12,TARCZE DO DREWNA,8.0,0.0,0.0,0.0
PowerBrand Taśma miernicza 3,Narzędzia ręczne,8.0,3.0,0.0,0.0
PowerBrand Torba termiczna,"Przechowywanie, składowanie, transport",8.0,0.0,0.0,0.0
PowerBrand Wiertło szalunkowe,Akcesoria,8.0,0.0,0.0,0.0
PowerBrand Wiertło szalunkowe 2,Akcesoria,8.0,0.0,0.0,0.0
PowerBrand Wkrętak krzyżowy 3,Narzędzia ręczne,8.0,0.0,2.0,26.4
PowerBrand Wkładka piankowa,Narzędzia ręczne,8.0,0.0,0.0,0.0
PowerBrand Zestaw otwornic 4,Akcesoria,8.0,0.0,0.0,0.0
PowerBrand Zestaw wierteł 5,Akcesoria,8.0,0.0,0.0,0.0
PowerBrand Zestaw wkrętaków,Narzędzia ręczne,8.0,0.0,0.0,0.0
PowerBrand Młotowiertarka sds 3,Elektronarzędzia,7.0,0.0,0.0,0.0
PowerBrand Bity udarowe 15,Akcesoria,7.0,0.0,0.0,0.0
PowerBrand Bity udarowe 16,Akcesoria,7.0,2.0,0.0,0.0
PowerBrand Bity udarowe 13,Akcesoria,7.0,1.0,0.0,0.0
PowerBrand Bity udarowe 14,Akcesoria,7.0,2.0,0.0,0.0
PowerBrand Butelka termiczna,"Przechowywanie, składowanie, transport",7.0,0.0,0.0,0.0
PowerBrand Buty robocze 17,Środki Ochrony Osobistej BHP,7.0,0.0,0.0,0.0
DiamondTools Dds wiertło 3,Akcesoria,7.0,0.0,0.0,0.0
DiamondTools Hard ceramics 2,Akcesoria,7.0,0.0,0.0,0.0
DiamondTools Mechanic spray,Akcesoria,7.0,4.0,1.0,126.970001
DiamondTools Mechanic vortex,KĄTOWE,7.0,0.0,0.0,0.0
PowerBrand Dłuto szerokie,Akcesoria,7.0,1.0,1.0,61.070001
PowerBrand Subkompaktowa szlifierka 2,Elektronarzędzia,7.0,1.0,0.0,0.0
PowerBrand Subkompaktowa wiertarko 7,Elektronarzędzia,7.0,1.0,0.0,0.0
PowerBrand Bezszczotkowa wiertarko 3,Elektronarzędzia,7.0,0.0,0.0,0.0
PowerBrand Dłuto sds,Akcesoria,7.0,2.0,2.0,74.600002
PowerBrand Elcp odkurzacz,Elektronarzędzia,7.0,0.0,0.0,0.0
PowerBrand Obcinak rur,Elektronarzędzia,7.0,0.0,0.0,0.0
PowerBrand Blprs akumulatorowy,Narzędzia ogrodowe,7.0,0.0,0.0,0.0
PowerBrand Bprt nitownica,Elektronarzędzia,7.0,1.0,0.0,0.0
PowerBrand Chz subkompaktowa,Elektronarzędzia,7.0,0.0,1.0,665.350002
PowerBrand Fhs akumulatorowa,Narzędzia ogrodowe,7.0,0.0,0.0,0.0
PowerBrand Grzechotka udarowa 2,Elektronarzędzia,7.0,2.0,0.0,0.0
PowerBrand Fptr grzechotka,Elektronarzędzia,7.0,1.0,1.0,1286.260002
PowerBrand Ładowarka samochodowa,Elektronarzędzia,7.0,0.0,0.0,0.0
PowerBrand Braiw kątowy,Elektronarzędzia,7.0,0.0,0.0,0.0
PowerBrand Dfc podwójna,Elektronarzędzia,7.0,0.0,0.0,0.0
PowerBrand Młotowiertarka akumulatorowa 2,Elektronarzędzia,7.0,1.0,0.0,0.0
PowerBrand Ukośnica posuwem,Elektronarzędzia,7.0,0.0,0.0,0.0
PowerBrand Szybka ładowarka,Elektronarzędzia,7.0,0.0,0.0,0.0
PowerBrand Psc akumulatorowa,Maszyny Budowlane MX FUEL,7.0,0.0,0.0,0.0
PowerBrand Nasadka udarowa 4,Akcesoria,7.0,0.0,0.0,0.0
PowerBrand Zestaw narzędzi,Narzędzia ręczne,7.0,0.0,0.0,0.0
PowerBrand Młotowiertarka sds 8,Elektronarzędzia,7.0,0.0,0.0,0.0
PowerBrand Nasadka magnetyczna 2,Akcesoria,7.0,7.0,0.0,0.0
PowerBrand Nasadka udarowa 6,Akcesoria,7.0,0.0,0.0,0.0
PowerBrand Nóż nożyk 2,Narzędzia ręczne,7.0,1.0,1.0,28.130002
PowerBrand Obuwie bezpieczne,Środki Ochrony Osobistej BHP,7.0,0.0,0.0,0.0
PowerBrand Odkurzacz przemysłowy,ODKURZACZE,7.0,0.0,0.0,0.0
PowerBrand Otwornica kobaltowa 5,Akcesoria,7.0,0.0,0.0,0.0
PowerBrand Otwornica bimetalowa 17,Akcesoria,7.0,0.0,0.0,0.0
PowerBrand Otwornica bimetalowa 18,Akcesoria,7.0,1.0,0.0,0.0
PowerBrand Otwornica bimetalowa 19,Akcesoria,7.0,1.0,1.0,75.26
PowerBrand Otwornica węglikiem 9,Akcesoria,7.0,0.0,0.0,0.0
PowerBrand Otwornica węglikiem 10,Akcesoria,7.0,0.0,0.0,0.0
PowerBrand Skrzynia szufladami 2,"Przechowywanie, składowanie, transport",7.0,2.0,0.0,0.0
PowerBrand Szczypce nastawne 3,Narzędzia ręczne,7.0,0.0,0.0,0.0
PowerBrand Szczypce uniwersalne,Narzędzia ręczne,7.0,0.0,0.0,0.0
PowerBrand Tarcza pilarska 17,Akcesoria,7.0,0.0,0.0,0.0
PowerBrand Tarcza pilarska 7,TARCZE DO DREWNA,7.0,0.0,0.0,0.0
PowerBrand Wiertło szalunkowe 3,Akcesoria,7.0,0.0,0.0,0.0
PowerBrand Zestaw wierteł,Akcesoria,7.0,0.0,0.0,0.0
PowerBrand Zestaw wierteł 3,Akcesoria,7.0,1.0,1.0,361.980001
PowerBrand Zestaw wkrętaków 3,Narzędzia ręczne,7.0,0.0,0.0,0.0
PowerBrand Nóż składany 3,Narzędzia ręczne,7.0,1.0,1.0,92.700001
PowerBrand Ściagacz izolacji,Narzędzia ręczne,7.0,1.0,0.0,0.0
PowerBrand Akumulatorowa latarka,Oświetlenie,6.0,0.0,0.0,0.0
PowerBrand Bit udarowy 5,Akcesoria,6.0,29.0,0.0,0.0
PowerBrand Bity udarowe 20,Akcesoria,6.0,0.0,0.0,0.0
PowerBrand Bity udarowe 21,Akcesoria,6.0,1.0,0.0,0.0
PowerBrand Bity udarowe 12,Akcesoria,6.0,1.0,0.0,0.0
PowerBrand Bity udarowe 18,Akcesoria,6.0,12.0,10.0,24.09999
PowerBrand Brzeszczot wyrzynarki 7,Akcesoria,6.0,2.0,0.0,0.0
PowerBrand Brzeszczot wyrzynarki 8,Akcesoria,6.0,3.0,0.0,0.0
PowerBrand Brzeszczot uniwersalny,Akcesoria,6.0,0.0,0.0,0.0
DiamondTools Coolpad,,,,,
DiamondTools Dds wiertło 8,Akcesoria,6.0,0.0,0.0,0.0
DiamondTools Dds unc,Akcesoria,6.0,3.0,3.0,580.680004
DiamondTools Dds wiertło 7,Akcesoria,6.0,2.0,2.0,683.279996
DiamondTools Edge dry,Akcesoria,6.0,0.0,1.0,150.78
DiamondTools Gres master,Akcesoria,6.0,1.0,0.0,0.0
DiamondTools Hard ceramics 4,Akcesoria,6.0,0.0,0.0,0.0
DiamondTools Pro gres 2,Akcesoria,6.0,3.0,1.0,81.560001
PowerBrand Kompaktowa bezszczotkowa 8,Elektronarzędzia,6.0,0.0,0.0,0.0
PowerBrand Lampa stojąca,Oświetlenie,6.0,0.0,0.0,0.0
PowerBrand Lampa stojąca 2,Oświetlenie,6.0,0.0,0.0,0.0
PowerBrand Lampa warsztatowa,Oświetlenie,6.0,0.0,0.0,0.0
PowerBrand Akumulator ion 3,Elektronarzędzia,6.0,12.0,3.0,614.310001
PowerBrand Subkompaktowa wiertarko 8,Elektronarzędzia,6.0,0.0,0.0,0.0
PowerBrand Subkompaktowa wiertarko 11,Elektronarzędzia,6.0,0.0,0.0,0.0
PowerBrand Hpt force,Elektronarzędzia,6.0,0.0,0.0,0.0
PowerBrand One key,Elektronarzędzia,6.0,0.0,0.0,0.0
PowerBrand Subkompaktowy pistolet,Elektronarzędzia,6.0,0.0,0.0,0.0
PowerBrand Subkompaktowa wiertarko 9,Elektronarzędzia,6.0,0.0,0.0,0.0
PowerBrand Akumulatorowa szlifierka 2,Elektronarzędzia,6.0,0.0,0.0,0.0
PowerBrand Klucz udarowy 12,Elektronarzędzia,6.0,0.0,0.0,0.0
PowerBrand Wiertarko wkrętarka 7,Elektronarzędzia,6.0,0.0,0.0,0.0
PowerBrand Pistolet klejenia 3,Elektronarzędzia,6.0,0.0,0.0,0.0
PowerBrand Ostrze wgłębne,Akcesoria,6.0,0.0,0.0,0.0
PowerBrand Twardy futerał,Środki Ochrony Osobistej BHP,6.0,4.0,2.0,63.280001
PowerBrand Ładowarka akumulatorów,Elektronarzędzia,6.0,3.0,0.0,0.0
PowerBrand Inkzall marker,Narzędzia ręczne,6.0,9.0,1.0,4.439999
PowerBrand Pilarka tarczowa 2,Elektronarzędzia,6.0,1.0,0.0,0.0
PowerBrand Grzechotka zwiększonym,Elektronarzędzia,6.0,1.0,0.0,0.0
PowerBrand Grzechotka akumulatorowa 3,Elektronarzędzia,6.0,1.0,0.0,0.0
PowerBrand Pcss akumulatorowa,Elektronarzędzia,6.0,0.0,1.0,1417.099999
PowerBrand Akumulatorowy opryskiwacz 5,Narzędzia ogrodowe,6.0,0.0,0.0,0.0
PowerBrand Akumulatorowa pilarka 3,Narzędzia ogrodowe,6.0,0.0,0.0,0.0
PowerBrand Odkurzacz budowlany,Elektronarzędzia,6.0,0.0,0.0,0.0
PowerBrand Pilarka łańcuchowa 2,Narzędzia ogrodowe,6.0,0.0,0.0,0.0
PowerBrand Szlifierka kątowa 17,Elektronarzędzia,6.0,1.0,0.0,0.0
PowerBrand Fhz akumulatorowa 2,Elektronarzędzia,6.0,0.0,0.0,0.0
PowerBrand Foph bca,Narzędzia ogrodowe,6.0,0.0,0.0,0.0
PowerBrand Hkp hydrauliczna,Elektronarzędzia,6.0,0.0,0.0,0.0
PowerBrand Onefhp młotowiertarka,Elektronarzędzia,6.0,0.0,0.0,0.0
PowerBrand Nasadka udarowa 7,Akcesoria,6.0,0.0,0.0,0.0
PowerBrand Nasadka udarowa 8,Akcesoria,6.0,0.0,0.0,0.0
PowerBrand Otwornica bimetalowa 20,Akcesoria,6.0,0.0,0.0,0.0
PowerBrand Otwornica bimetalowa 21,Akcesoria,6.0,0.0,0.0,0.0
PowerBrand Otwornica węglikiem 12,Akcesoria,6.0,0.0,0.0,0.0
PowerBrand Otwornica zębami 2,Akcesoria,6.0,0.0,0.0,0.0
PowerBrand Pilarka teleskopowa,Narzędzia ogrodowe,6.0,0.0,1.0,2753.599999
PowerBrand Pistolet przedmuchiwania,Elektronarzędzia,6.0,1.0,0.0,0.0
PowerBrand Poziomica pocket,Narzędzia ręczne,6.0,0.0,0.0,0.0
PowerBrand Proxxon wiertarko,Elektronarzędzia,6.0,0.0,0.0,0.0
PowerBrand Rękawice ochronne 2,Środki Ochrony Osobistej BHP,6.0,0.0,0.0,0.0
PowerBrand Rękawice odporne 16,Środki Ochrony Osobistej BHP,6.0,0.0,0.0,0.0
PowerBrand Rękawice odporne 12,Środki Ochrony Osobistej BHP,6.0,1.0,1.0,145.069999
PowerBrand Sds max 4,Akcesoria,6.0,0.0,0.0,0.0
PowerBrand Sds max 2,Akcesoria,6.0,0.0,0.0,0.0
PowerBrand Skrzynia narzędziowa,"Przechowywanie, składowanie, transport",6.0,2.0,0.0,0.0
PowerBrand Spodnie robocze,Środki Ochrony Osobistej BHP,6.0,0.0,0.0,0.0
PowerBrand Szlifierka kątowa 19,Elektronarzędzia,6.0,0.0,0.0,0.0
PowerBrand Szlifierka kątowa 18,Elektronarzędzia,6.0,0.0,0.0,0.0
PowerBrand Sztyfciarka akumulatorowa,Elektronarzędzia,6.0,0.0,0.0,0.0
PowerBrand Tarcza pilarska 13,Akcesoria,6.0,0.0,0.0,0.0
PowerBrand Tarcza pilarska 10,Akcesoria,6.0,0.0,0.0,0.0
PowerBrand Wiertło płytek 6,Akcesoria,6.0,1.0,0.0,0.0
PowerBrand Wiertło płytek 4,Akcesoria,6.0,2.0,0.0,0.0
PowerBrand Wiertło płytek 5,Akcesoria,6.0,0.0,0.0,0.0
PowerBrand Wiertło uniwersalne 5,Akcesoria,6.0,0.0,0.0,0.0
PowerBrand Wkrętaki izolowane,Narzędzia ręczne,6.0,0.0,0.0,0.0
PowerBrand Wkrętaki izolowane 2,Narzędzia ręczne,6.0,1.0,0.0,0.0
PowerBrand Pistolet klejenia 2,Elektronarzędzia,5.0,0.0,0.0,0.0
PowerBrand Akcesoria otwornic,(not set),5.0,1.0,0.0,0.0
PowerBrand Bit udarowy 4,Akcesoria,5.0,1.0,0.0,0.0
PowerBrand Bity udarowe 23,Akcesoria,5.0,0.0,0.0,0.0
PowerBrand Bity udarowe 17,Akcesoria,5.0,0.0,0.0,0.0
PowerBrand Bity udarowe 19,Akcesoria,5.0,1.0,0.0,0.0
PowerBrand Brzeszczot drewna 3,Akcesoria,5.0,0.0,0.0,0.0
PowerBrand Brzeszczot metalu 2,Akcesoria,5.0,0.0,0.0,0.0
PowerBrand Brzeszczot wyrzynarki 9,Akcesoria,5.0,0.0,0.0,0.0
PowerBrand Brzeszczot wyrzynarki 10,Akcesoria,5.0,0.0,0.0,0.0
PowerBrand Butelka termiczna 2,"Przechowywanie, składowanie, transport",5.0,0.0,2.0,225.040003
PowerBrand Buty robocze 20,Środki Ochrony Osobistej BHP,5.0,0.0,0.0,0.0
PowerBrand Buty robocze 18,Środki Ochrony Osobistej BHP,5.0,1.0,0.0,0.0
DiamondTools Ceraforce tarcza,Akcesoria,5.0,0.0,0.0,0.0
DiamondTools Dds wiertło 4,Akcesoria,5.0,1.0,0.0,0.0
DiamondTools Dgm‑s nectar,Akcesoria,5.0,1.0,0.0,0.0
DiamondTools Edge dry 2,Akcesoria,5.0,1.0,1.0,198.609999
DiamondTools Mechanic liner,SZLIFIERKI,5.0,0.0,1.0,237.120002
DiamondTools Tarcza diamentowa 5,Akcesoria,5.0,3.0,0.0,0.0
DiamondTools Turbo extra,Akcesoria,5.0,0.0,0.0,0.0
PowerBrand Festool ctlc,Elektronarzędzia,5.0,0.0,0.0,0.0
PowerBrand Hogert naświetlacz,Oświetlenie,5.0,0.0,0.0,0.0
PowerBrand Hogert zestaw 4,Narzędzia ręczne,5.0,0.0,0.0,0.0
PowerBrand Hogert zestaw 2,Narzędzia ręczne,5.0,0.0,0.0,0.0
PowerBrand Inkzall olejowy 2,Narzędzia ręczne,5.0,18.0,11.0,213.950016
PowerBrand Krata,"Przechowywanie, składowanie, transport",5.0,0.0,0.0,0.0
PowerBrand Subkompaktowa wiertarko 12,Elektronarzędzia,5.0,0.0,0.0,0.0
PowerBrand Onehpt subkompaktowa,Elektronarzędzia,5.0,0.0,0.0,0.0
PowerBrand Wentylator powietrza,Elektronarzędzia,5.0,0.0,0.0,0.0
PowerBrand Alis kompaktowy,Oświetlenie,5.0,0.0,0.0,0.0
PowerBrand Strug,Elektronarzędzia,5.0,0.0,0.0,0.0
PowerBrand Akumulatorowa szlifierka,Elektronarzędzia,5.0,0.0,0.0,0.0
PowerBrand Piła tarczowa,(not set),5.0,0.0,0.0,0.0
PowerBrand Szlifierka kątowa 16,Elektronarzędzia,5.0,1.0,0.0,0.0
PowerBrand Mobilna szybka,Elektronarzędzia,5.0,1.0,0.0,0.0
PowerBrand One key 2,Elektronarzędzia,5.0,0.0,0.0,0.0
PowerBrand Kompaktowa biegowa,Elektronarzędzia,5.0,0.0,0.0,0.0
PowerBrand Mechanic osłona,KĄTOWE,5.0,1.0,0.0,0.0
PowerBrand Miara taśma 3,Narzędzia ręczne,5.0,0.0,0.0,0.0
PowerBrand Nasadka udarowa 9,Akcesoria,5.0,0.0,0.0,0.0
PowerBrand Adapter hex,Akcesoria,5.0,9.0,6.0,74.420001
PowerBrand Akumulatorowa latarka 2,Oświetlenie,5.0,4.0,1.0,421.150001
PowerBrand Kompaktowy klucz 3,Elektronarzędzia,5.0,0.0,0.0,0.0
PowerBrand Kątowy klucz,Elektronarzędzia,5.0,0.0,0.0,0.0
PowerBrand Odkurzacz plecakowy,Elektronarzędzia,5.0,1.0,0.0,0.0
PowerBrand Teleskopowe nożyce,Narzędzia ogrodowe,5.0,0.0,0.0,0.0
PowerBrand Teleskopowe nożyce 2,Narzędzia ogrodowe,5.0,1.0,1.0,2159.71
PowerBrand Fqid zakrętarka,Elektronarzędzia,5.0,0.0,0.0,0.0
PowerBrand Odkurzacz akumulatorowy 2,Elektronarzędzia,5.0,0.0,0.0,0.0
PowerBrand Mcs piła,Elektronarzędzia,5.0,2.0,1.0,2085.920001
PowerBrand Uchwyt wiertarski,Elektronarzędzia,5.0,0.0,0.0,0.0
PowerBrand Wysokie buty,Środki Ochrony Osobistej BHP,5.0,0.0,0.0,0.0
PowerBrand Fmcs‑ pilarka,Elektronarzędzia,5.0,0.0,0.0,0.0
PowerBrand Nasadka magnetyczna 3,Akcesoria,5.0,4.0,0.0,0.0
PowerBrand Nasadka magnetyczna 4,Akcesoria,5.0,1.0,0.0,0.0
PowerBrand Nóż składany 4,Narzędzia ręczne,5.0,0.0,0.0,0.0
PowerBrand Otwornica kobaltowa 6,Akcesoria,5.0,0.0,0.0,0.0
PowerBrand Otwornica bimetalowa 22,Akcesoria,5.0,0.0,0.0,0.0
PowerBrand Otwornica bimetalowa 27,Akcesoria,5.0,0.0,0.0,0.0
PowerBrand Otwornica bimetalowa 23,Akcesoria,5.0,0.0,0.0,0.0
PowerBrand Otwornica bimetalowa 24,Akcesoria,5.0,1.0,0.0,0.0
PowerBrand Otwornica węglikiem 11,Akcesoria,5.0,0.0,0.0,0.0
PowerBrand Otwornica węglikiem 15,Akcesoria,5.0,0.0,0.0,0.0
PowerBrand Pojedynczy pasek,Narzędzia ogrodowe,5.0,0.0,0.0,0.0
PowerBrand Poziomica slim 6,Narzędzia ręczne,5.0,0.0,0.0,0.0
PowerBrand Rękawice całkowicie 5,Środki Ochrony Osobistej BHP,5.0,5.0,10.0,156.300017
PowerBrand Rękawice chemoodporne 4,Środki Ochrony Osobistej BHP,5.0,0.0,0.0,0.0
PowerBrand Rękawice odporne 15,Środki Ochrony Osobistej BHP,5.0,0.0,0.0,0.0
PowerBrand Rękawice odporne 13,Środki Ochrony Osobistej BHP,5.0,0.0,0.0,0.0
PowerBrand Rękawice odporne 14,Środki Ochrony Osobistej BHP,5.0,0.0,0.0,0.0
PowerBrand Rękawice zimowe 2,Środki Ochrony Osobistej BHP,5.0,1.0,1.0,93.200002
PowerBrand Sds max 3,Akcesoria,5.0,0.0,0.0,0.0
PowerBrand Skoczek akumulatorowa,Maszyny Budowlane MX FUEL,5.0,0.0,0.0,0.0
PowerBrand Skrzynia,"Przechowywanie, składowanie, transport",5.0,0.0,0.0,0.0
PowerBrand Skrzynia szufladami,"Przechowywanie, składowanie, transport",5.0,0.0,0.0,0.0
PowerBrand Skrzynia szufladami 4,"Przechowywanie, składowanie, transport",5.0,0.0,0.0,0.0
PowerBrand Szczypce wielofunkcyjne,Narzędzia ręczne,5.0,0.0,0.0,0.0
PowerBrand Impact bit 3,NASADKI UDAROWE Z KOŃCÓWKĄ BITA,5.0,0.0,0.0,0.0
PowerBrand Tarcza pilarska 16,Akcesoria,5.0,0.0,0.0,0.0
PowerBrand Tarcza pilarska 14,Akcesoria,5.0,1.0,1.0,141.239999
PowerBrand Tarcza tnąca 2,Akcesoria,5.0,10.0,0.0,0.0
PowerBrand Udarowe piła,Akcesoria,5.0,0.0,0.0,0.0
PowerBrand Uchwyty bitów 2,Akcesoria,5.0,0.0,0.0,0.0
PowerBrand Wkrętak krzyżowy 5,Narzędzia ręczne,5.0,0.0,0.0,0.0
PowerBrand Wkrętak torx 5,Narzędzia ręczne,5.0,0.0,0.0,0.0
PowerBrand Zestaw miara,Narzędzia ręczne,5.0,0.0,0.0,0.0
PowerBrand Zestaw nasadek 3,Akcesoria,5.0,0.0,0.0,0.0
PowerBrand Zestaw szczypiec 2,Narzędzia ręczne,5.0,0.0,0.0,0.0
PowerBrand Zestaw szczypiec,Narzędzia ręczne,5.0,1.0,0.0,0.0
PowerBrand Bity udarowe 26,Akcesoria,4.0,0.0,0.0,0.0
PowerBrand Bity udarowe 22,Akcesoria,4.0,0.0,0.0,0.0
PowerBrand Bity udarowe 27,Akcesoria,4.0,0.0,0.0,0.0
PowerBrand Bity udarowe 24,Akcesoria,4.0,2.0,0.0,0.0
PowerBrand Brzeszczot drewna 4,Akcesoria,4.0,0.0,0.0,0.0
PowerBrand Brzeszczot cięcia,Akcesoria,4.0,0.0,0.0,0.0
PowerBrand Brzeszczot wyrzynarki 11,Akcesoria,4.0,0.0,0.0,0.0
PowerBrand Brzeszczot wyrzynarki 12,Akcesoria,4.0,1.0,0.0,0.0
PowerBrand Brzeszczot żeliwo,Akcesoria,4.0,0.0,0.0,0.0
PowerBrand Buty robocze 23,Środki Ochrony Osobistej BHP,4.0,0.0,0.0,0.0
PowerBrand Buty robocze 21,Środki Ochrony Osobistej BHP,4.0,0.0,0.0,0.0
PowerBrand Buty robocze 38,Środki Ochrony Osobistej BHP,4.0,1.0,0.0,0.0
PowerBrand Buty robocze 25,Środki Ochrony Osobistej BHP,4.0,0.0,0.0,0.0
PowerBrand Czapka daszkiem,Środki Ochrony Osobistej BHP,4.0,0.0,0.0,0.0
DiamondTools Edge tarcza 3,Akcesoria,4.0,1.0,1.0,349.15
DiamondTools Dds unc 3,Akcesoria,4.0,2.0,1.0,174.339999
DiamondTools Dds wiertło 5,Akcesoria,4.0,3.0,2.0,517.380002
DiamondTools Dds wiertło 6,Akcesoria,4.0,1.0,1.0,228.369999
DiamondTools Multigres tarcza 2,Akcesoria,4.0,1.0,0.0,0.0
PowerBrand Głośnik bluetooth 2,Elektronarzędzia,4.0,0.0,0.0,0.0
PowerBrand Hogert wielofunkcyjna,Narzędzia ręczne,4.0,0.0,0.0,0.0
PowerBrand Hełm bolt 3,Środki Ochrony Osobistej BHP,4.0,0.0,0.0,0.0
PowerBrand Hełm ochronny,Środki Ochrony Osobistej BHP,4.0,1.0,0.0,0.0
PowerBrand Hogert zestaw 3,Akcesoria,4.0,0.0,0.0,0.0
PowerBrand Hogert klucz,Narzędzia ręczne,4.0,0.0,0.0,0.0
PowerBrand Hogert akumulator,AKUMULATORY I ŁADOWARKI,4.0,0.0,0.0,0.0
PowerBrand Kompaktowy nóż,Narzędzia ręczne,4.0,0.0,0.0,0.0
PowerBrand Latarka led,Oświetlenie,4.0,0.0,0.0,0.0
PowerBrand Bcst subkompaktowy,Elektronarzędzia,4.0,0.0,0.0,0.0
PowerBrand Blidrc kompaktowa,Elektronarzędzia,4.0,0.0,0.0,0.0
PowerBrand Akumulatorowa szlifierka 3,Elektronarzędzia,4.0,0.0,0.0,0.0
PowerBrand Młotowiertarka sds 9,Elektronarzędzia,4.0,1.0,0.0,0.0
PowerBrand Subkompaktowa wiertarko 10,Elektronarzędzia,4.0,0.0,0.0,0.0
PowerBrand Blhptxl force,Elektronarzędzia,4.0,0.0,0.0,0.0
PowerBrand Sds plus 2,(not set),4.0,0.0,0.0,0.0
PowerBrand Wysokowydajna szlifierka,Elektronarzędzia,4.0,1.0,0.0,0.0
PowerBrand Frezarka górnowrzecionowa 2,Elektronarzędzia,4.0,0.0,0.0,0.0
PowerBrand Trybowy młot,Elektronarzędzia,4.0,0.0,0.0,0.0
PowerBrand Duża szlifierka,Elektronarzędzia,4.0,1.0,0.0,0.0
PowerBrand One key 3,Elektronarzędzia,4.0,0.0,0.0,0.0
PowerBrand One key 5,Elektronarzędzia,4.0,0.0,0.0,0.0
PowerBrand One key 4,Elektronarzędzia,4.0,1.0,0.0,0.0
PowerBrand Wiertarko wkrętarka 9,Elektronarzędzia,4.0,0.0,0.0,0.0
PowerBrand Mdtl wielokierunkowa,Oświetlenie,4.0,0.0,0.0,0.0
PowerBrand Onefprt nitownica,Elektronarzędzia,4.0,0.0,0.0,0.0
PowerBrand Bezszczotkowa wiertarko 4,Elektronarzędzia,4.0,2.0,0.0,0.0
PowerBrand Fhs pilarka,Narzędzia ogrodowe,4.0,1.0,0.0,0.0
PowerBrand Mechanic edgeduster,SZLIFIERKI,4.0,1.0,0.0,0.0
PowerBrand Metabo lipower,Elektronarzędzia,4.0,3.0,3.0,584.999996
PowerBrand Miara składana 2,Narzędzia ręczne,4.0,0.0,0.0,0.0
PowerBrand Świąteczny zestaw 2,ZESTAWY NARZĘDZI RĘCZNYCH,4.0,0.0,0.0,0.0
PowerBrand Adapter fixtec,DIAMENTOWE,4.0,1.0,0.0,0.0
PowerBrand Plecak,"Przechowywanie, składowanie, transport",4.0,0.0,0.0,0.0
PowerBrand Podwójne szelki,Narzędzia ogrodowe,4.0,0.0,0.0,0.0
PowerBrand Zestaw kluczy 3,Narzędzia ręczne,4.0,0.0,0.0,0.0
PowerBrand Wymienna szczotka,Narzędzia ogrodowe,4.0,0.0,0.0,0.0
PowerBrand Akumulatorowe nożyce 2,Narzędzia ogrodowe,4.0,0.0,0.0,0.0
PowerBrand Fmt narzędzie,Elektronarzędzia,4.0,0.0,0.0,0.0
PowerBrand Akumulatorowy odkurzacz,Elektronarzędzia,4.0,0.0,0.0,0.0
PowerBrand Młotowiertarka sds 4,Elektronarzędzia,4.0,0.0,0.0,0.0
PowerBrand Fmcs pilarka,Elektronarzędzia,4.0,0.0,0.0,0.0
PowerBrand Foph shta,Narzędzia ogrodowe,4.0,0.0,0.0,0.0
PowerBrand Pilarka łańcuchowa 3,Narzędzia ogrodowe,4.0,0.0,0.0,0.0
PowerBrand Power młotowiertarka,Elektronarzędzia,4.0,2.0,0.0,0.0
PowerBrand Nożyk suchej,Narzędzia ręczne,4.0,0.0,0.0,0.0
PowerBrand Wkrętak krzyżowy 4,Narzędzia ręczne,4.0,0.0,0.0,0.0
PowerBrand Mocny plecak,"Przechowywanie, składowanie, transport",4.0,0.0,0.0,0.0
PowerBrand Młotowiertarka sds 10,Elektronarzędzia,4.0,1.0,0.0,0.0
PowerBrand Nasadka udarowa 10,Akcesoria,4.0,0.0,0.0,0.0
PowerBrand Nożyczki dla,Narzędzia ręczne,4.0,0.0,0.0,0.0
PowerBrand Nóż składany 2,Narzędzia ręczne,4.0,0.0,0.0,0.0
PowerBrand Otwornica bimetalowa 25,Akcesoria,4.0,0.0,0.0,0.0
PowerBrand Otwornica bimetalowa 26,Akcesoria,4.0,1.0,0.0,0.0
PowerBrand Otwornica bimetalowa 28,Akcesoria,4.0,1.0,0.0,0.0
PowerBrand Otwornica bimetalowa 29,Akcesoria,4.0,0.0,0.0,0.0
PowerBrand Otwornica bimetalowa 30,Akcesoria,4.0,0.0,0.0,0.0
PowerBrand Otwornica węglikiem 14,Akcesoria,4.0,0.0,0.0,0.0
PowerBrand Poziomica redstick 3,Narzędzia ręczne,4.0,0.0,0.0,0.0
PowerBrand Rękawice ochronne 3,Środki Ochrony Osobistej BHP,4.0,0.0,0.0,0.0
PowerBrand Rękawice odporne 18,Środki Ochrony Osobistej BHP,4.0,0.0,0.0,0.0
PowerBrand Rękawice robocze 2,Środki Ochrony Osobistej BHP,4.0,0.0,0.0,0.0
PowerBrand Sds plus 3,Akcesoria,4.0,2.0,2.0,103.820001
PowerBrand Skrzynia szufladami 3,"Przechowywanie, składowanie, transport",4.0,1.0,0.0,0.0
PowerBrand Szczypce uniwersalne 2,Narzędzia ręczne,4.0,0.0,0.0,0.0
PowerBrand Impact bit 4,NASADKI UDAROWE Z KOŃCÓWKĄ BITA,4.0,2.0,1.0,41.930001
PowerBrand Tarcza diamentowa 2,Akcesoria,4.0,0.0,0.0,0.0
PowerBrand Tarcza listkowe 2,Akcesoria,4.0,0.0,0.0,0.0
PowerBrand Tarcza pilarska 15,Akcesoria,4.0,0.0,0.0,0.0
PowerBrand Tarcza pilarska 20,Akcesoria,4.0,0.0,0.0,0.0
PowerBrand Tarcza pilarska 22,Akcesoria,4.0,0.0,0.0,0.0
PowerBrand Torba dla,"Przechowywanie, składowanie, transport",4.0,0.0,0.0,0.0
PowerBrand Walizka heavy,"Przechowywanie, składowanie, transport",4.0,0.0,0.0,0.0
PowerBrand Wiertło piórowe,Akcesoria,4.0,1.0,0.0,0.0
PowerBrand Wiertło szalunkowe 4,Akcesoria,4.0,0.0,0.0,0.0
PowerBrand Wiertło uniwersalne 6,Akcesoria,4.0,0.0,0.0,0.0
PowerBrand Wiertło uniwersalne 7,Akcesoria,4.0,0.0,0.0,0.0
PowerBrand Wkrętak płaski,Narzędzia ręczne,4.0,0.0,0.0,0.0
PowerBrand Wkrętak torx 6,Narzędzia ręczne,4.0,0.0,0.0,0.0
PowerBrand Zestaw wierteł 4,Akcesoria,4.0,0.0,0.0,0.0
PowerBrand Zestaw fazowników,Akcesoria,4.0,0.0,0.0,0.0
PowerBrand Zestaw kluczy 4,Narzędzia ręczne,4.0,0.0,0.0,0.0
PowerBrand Zestaw nasadek 5,Akcesoria,4.0,0.0,0.0,0.0
PowerBrand Zestaw otwornic 5,Akcesoria,4.0,0.0,0.0,0.0
PowerBrand Zestaw wkrętaków 4,Narzędzia ręczne,4.0,1.0,0.0,0.0
PowerBrand Zestaw wkrętaków 5,Narzędzia ręczne,4.0,0.0,0.0,0.0
PowerBrand Zestaw grzechotka,Narzędzia ręczne,4.0,0.0,0.0,0.0
PowerBrand Zestawy ostrzy,Akcesoria,4.0,1.0,0.0,0.0
PowerBrand Żyłka,Narzędzia ogrodowe,4.0,2.0,2.0,245.999998
PowerBrand Bity udarowe 25,Akcesoria,3.0,0.0,0.0,0.0
PowerBrand Bity udarowe 28,Akcesoria,3.0,1.0,0.0,0.0
PowerBrand Bluza robocza,Środki Ochrony Osobistej BHP,3.0,0.0,0.0,0.0
PowerBrand Brzeszczot metalu,Akcesoria,3.0,0.0,0.0,0.0
PowerBrand Brzeszczot parkiety,Akcesoria,3.0,0.0,0.0,0.0
PowerBrand Butelka termiczna 3,"Przechowywanie, składowanie, transport",3.0,0.0,0.0,0.0
PowerBrand Buty robocze 22,Środki Ochrony Osobistej BHP,3.0,0.0,0.0,0.0
PowerBrand Buty robocze 24,Środki Ochrony Osobistej BHP,3.0,0.0,0.0,0.0
PowerBrand Buty robocze 28,Środki Ochrony Osobistej BHP,3.0,1.0,0.0,0.0
PowerBrand Buty robocze 39,Środki Ochrony Osobistej BHP,3.0,0.0,0.0,0.0
DiamondTools Mechanic tileduster,KĄTOWE,3.0,0.0,0.0,0.0
DiamondTools Edge tarcza 2,Akcesoria,3.0,1.0,1.0,367.19
DiamondTools Butterfly diamentowa,Akcesoria,3.0,3.0,0.0,0.0
DiamondTools Dds wiertło 10,Akcesoria,3.0,0.0,0.0,0.0
DiamondTools Dds wiertło 11,Akcesoria,3.0,0.0,0.0,0.0
DiamondTools Dds koronka,Akcesoria,3.0,0.0,1.0,265.97
DiamondTools Diamentowa tarcza 2,Akcesoria,3.0,1.0,1.0,87.41
DiamondTools Gres master 2,Akcesoria,3.0,0.0,0.0,0.0
DiamondTools Rapid tarcza,Akcesoria,3.0,0.0,0.0,0.0
PowerBrand Grzechotka,Narzędzia ręczne,3.0,0.0,0.0,0.0
PowerBrand Hełm ochronny 2,Środki Ochrony Osobistej BHP,3.0,1.0,0.0,0.0
PowerBrand Hogert taśma,Narzędzia ręczne,3.0,0.0,0.0,0.0
PowerBrand Klucz półotwarty,Narzędzia ręczne,3.0,0.0,0.0,0.0
PowerBrand Klucz płasko,Narzędzia ręczne,3.0,0.0,0.0,0.0
PowerBrand Kombi gwintownik,Akcesoria,3.0,0.0,0.0,0.0
PowerBrand Kompaktowa piła,Narzędzia ręczne,3.0,1.0,1.0,77.639999
PowerBrand Kompaktowy uniwersalny,Narzędzia ręczne,3.0,0.0,0.0,0.0
PowerBrand Laser zielony 3,Narzędzia pomiarowe,3.0,0.0,0.0,0.0
PowerBrand Latarka czołowa,Oświetlenie,3.0,0.0,0.0,0.0
PowerBrand Lutownica akumulatorowa,Elektronarzędzia,3.0,0.0,0.0,0.0
PowerBrand Blddrc kompaktowa,Elektronarzędzia,3.0,0.0,0.0,0.0
PowerBrand Blddrc kompaktowa 2,Elektronarzędzia,3.0,0.0,0.0,0.0
PowerBrand Blp strug,Elektronarzędzia,3.0,0.0,0.0,0.0
PowerBrand Trzpieniowa szlifierka,Elektronarzędzia,3.0,1.0,0.0,0.0
PowerBrand Pilnik taśmowy,Elektronarzędzia,3.0,0.0,0.0,0.0
PowerBrand Pilnik taśmowy 2,Elektronarzędzia,3.0,1.0,0.0,0.0
PowerBrand Laser zielony 2,Narzędzia pomiarowe,3.0,0.0,0.0,0.0
PowerBrand Akumulator ion 4,Elektronarzędzia,3.0,1.0,0.0,0.0
PowerBrand Blhpt force,Elektronarzędzia,3.0,0.0,0.0,0.0
PowerBrand Wiertarko wkrętarka 10,Elektronarzędzia,3.0,0.0,0.0,0.0
PowerBrand Pistolet klejenia 4,Elektronarzędzia,3.0,0.0,0.0,0.0
PowerBrand Wyrzynarka bjs 2,Elektronarzędzia,3.0,0.0,0.0,0.0
PowerBrand Mxf‑c charger,Elektronarzędzia,3.0,0.0,0.0,0.0
PowerBrand Magnetyczny uchwyty,Akcesoria,3.0,0.0,0.0,0.0
PowerBrand Mechanic socketduster,Akcesoria,3.0,0.0,1.0,64.3
PowerBrand Miara zwijana 2,Narzędzia ręczne,3.0,0.0,0.0,0.0
PowerBrand Szczypce nastawne 4,Narzędzia ręczne,3.0,3.0,3.0,481.560001
PowerBrand Freeflex spodnie,Środki Ochrony Osobistej BHP,3.0,0.0,0.0,0.0
PowerBrand Pps przenośne,Elektronarzędzia,3.0,0.0,0.0,0.0
PowerBrand Pilarka tarczowa 4,Elektronarzędzia,3.0,0.0,0.0,0.0
PowerBrand Grzechotka akumulatorowa 4,Elektronarzędzia,3.0,2.0,0.0,0.0
PowerBrand Grzechotka akumulatorowa 5,Elektronarzędzia,3.0,0.0,0.0,0.0
PowerBrand Akumulator high 4,Elektronarzędzia,3.0,1.0,1.0,170.360001
PowerBrand Pilarka tarczowa 3,Elektronarzędzia,3.0,0.0,0.0,0.0
PowerBrand Chm‑ młot,Elektronarzędzia,3.0,2.0,0.0,0.0
PowerBrand Fcddexl kompaktowy,Elektronarzędzia,3.0,0.0,0.0,0.0
PowerBrand Fchs pilarka,Narzędzia ogrodowe,3.0,0.0,0.0,0.0
PowerBrand Młotowiertarka sds 5,Elektronarzędzia,3.0,1.0,0.0,0.0
PowerBrand Fmdp‑ akumulatorowa,Elektronarzędzia,3.0,0.0,0.0,0.0
PowerBrand Gwoździarka wykończeniowa 2,Elektronarzędzia,3.0,0.0,0.0,0.0
PowerBrand Okulary ochronne 12,Środki Ochrony Osobistej BHP,3.0,0.0,0.0,0.0
PowerBrand Zestaw nasadek 4,Narzędzia ręczne,3.0,0.0,0.0,0.0
PowerBrand Wiertarka udarowa,Elektronarzędzia,3.0,0.0,0.0,0.0
PowerBrand Performance baseball,Środki Ochrony Osobistej BHP,3.0,1.0,1.0,100.089999
PowerBrand Adapter usb,Elektronarzędzia,3.0,0.0,0.0,0.0
PowerBrand Thunderweb hss,Akcesoria,3.0,1.0,0.0,0.0
PowerBrand Buty ochronne,Środki Ochrony Osobistej BHP,3.0,0.0,0.0,0.0
PowerBrand Zestaw narzędzi 2,Narzędzia ręczne,3.0,0.0,0.0,0.0
PowerBrand Grzechotka wysokoobrotowa,Elektronarzędzia,3.0,0.0,0.0,0.0
PowerBrand Młot wiercąco 3,Elektronarzędzia,3.0,0.0,0.0,0.0
PowerBrand Młotek dwuobuchowy,Narzędzia ręczne,3.0,0.0,0.0,0.0
PowerBrand Młotowiertarka sds 6,Elektronarzędzia,3.0,0.0,0.0,0.0
PowerBrand Nakolanniki ochronne,Środki Ochrony Osobistej BHP,3.0,0.0,0.0,0.0
PowerBrand Nasadka udarowa 11,Akcesoria,3.0,0.0,0.0,0.0
PowerBrand Nasadka udarowa 12,Akcesoria,3.0,0.0,0.0,0.0
PowerBrand Nasadka udarowa 13,Akcesoria,3.0,0.0,0.0,0.0
PowerBrand Nasadka udarowa 14,Akcesoria,3.0,0.0,0.0,0.0
PowerBrand Nasadka udarowa 15,Akcesoria,3.0,0.0,0.0,0.0
PowerBrand Nasadki grzechotką,Narzędzia ręczne,3.0,0.0,0.0,0.0
PowerBrand Nasadki grzechotką 2,Narzędzia ręczne,3.0,1.0,0.0,0.0
PowerBrand Nóż fastback,Narzędzia ręczne,3.0,1.0,1.0,58.630001
PowerBrand Nóż mechanizmem,Narzędzia ręczne,3.0,0.0,0.0,0.0
PowerBrand Obracana lampa,Oświetlenie,3.0,0.0,0.0,0.0
PowerBrand Obuwie bezpieczne 2,Środki Ochrony Osobistej BHP,3.0,0.0,0.0,0.0
PowerBrand Okulary ochronne 13,Środki Ochrony Osobistej BHP,3.0,0.0,0.0,0.0
PowerBrand Organizer slim,"Przechowywanie, składowanie, transport",3.0,0.0,0.0,0.0
DiamondTools Osłona odsysająca,SZLIFIERKI,3.0,0.0,0.0,0.0
PowerBrand Otwornica bimetalowa 31,Akcesoria,3.0,0.0,0.0,0.0
PowerBrand Otwornica bimetalowa 32,Akcesoria,3.0,0.0,0.0,0.0
PowerBrand Otwornica bimetalowa 33,Akcesoria,3.0,0.0,0.0,0.0
PowerBrand Otwornica bimetalowa 34,Akcesoria,3.0,0.0,0.0,0.0
PowerBrand Otwornica bimetalowa 35,Akcesoria,3.0,0.0,0.0,0.0
PowerBrand Otwornica bimetalowa 36,Akcesoria,3.0,0.0,0.0,0.0
PowerBrand Otwornica bimetalowa 37,Akcesoria,3.0,0.0,0.0,0.0
PowerBrand Otwornica węglikiem 13,Akcesoria,3.0,0.0,0.0,0.0
PowerBrand Otwornica zębami 3,Akcesoria,3.0,1.0,0.0,0.0
PowerBrand Otwornica zębami 4,Akcesoria,3.0,0.0,0.0,0.0
PowerBrand Poziomica slim 5,Narzędzia ręczne,3.0,0.0,0.0,0.0
PowerBrand Poziomica slim 7,Narzędzia ręczne,3.0,1.0,0.0,0.0
PowerBrand Poziomica torpedo 3,Narzędzia ręczne,3.0,0.0,0.0,0.0
PowerBrand Redukcja kwadrat,Akcesoria,3.0,0.0,0.0,0.0
PowerBrand Rękawice cut,Środki Ochrony Osobistej BHP,3.0,0.0,0.0,0.0
PowerBrand Rękawice zastosowń,Środki Ochrony Osobistej BHP,3.0,0.0,0.0,0.0
PowerBrand Rękawice zastosowń 2,Środki Ochrony Osobistej BHP,3.0,5.0,0.0,0.0
PowerBrand Rękawice zastosowń 4,Środki Ochrony Osobistej BHP,3.0,173.0,0.0,0.0
PowerBrand Rękawice podwyższonym,Środki Ochrony Osobistej BHP,3.0,0.0,0.0,0.0
PowerBrand Rękawice ochronne 4,Środki Ochrony Osobistej BHP,3.0,0.0,0.0,0.0
PowerBrand Rękawice odporne 17,Środki Ochrony Osobistej BHP,3.0,0.0,0.0,0.0
PowerBrand Rękawice skórzane 8,Środki Ochrony Osobistej BHP,3.0,0.0,0.0,0.0
PowerBrand Sds max 5,Akcesoria,3.0,0.0,0.0,0.0
PowerBrand Sds max 6,Akcesoria,3.0,0.0,0.0,0.0
PowerBrand Sds max 7,Akcesoria,3.0,0.0,0.0,0.0
PowerBrand Spodnie robocze 3,Środki Ochrony Osobistej BHP,3.0,0.0,0.0,0.0
PowerBrand Spodnie robocze 2,Środki Ochrony Osobistej BHP,3.0,0.0,0.0,0.0
PowerBrand Szafka,"Przechowywanie, składowanie, transport",3.0,0.0,0.0,0.0
PowerBrand Szczypce zdejmowania,Narzędzia ręczne,3.0,0.0,0.0,0.0
PowerBrand Szczypce uniwersalne 3,Narzędzia ręczne,3.0,0.0,0.0,0.0
PowerBrand Szczypce zaciskowe,Narzędzia ręczne,3.0,0.0,0.0,0.0
PowerBrand Szlifierka kątowa 20,Elektronarzędzia,3.0,0.0,0.0,0.0
PowerBrand Tarcza garnkowa,Akcesoria,3.0,0.0,0.0,0.0
PowerBrand Tarcza pilarska 23,Akcesoria,3.0,0.0,0.0,0.0
PowerBrand Tarcza pilarska 18,Akcesoria,3.0,0.0,0.0,0.0
PowerBrand Tarcza pilarska 19,Akcesoria,3.0,0.0,0.0,0.0
PowerBrand Tarcza pilarska 21,Akcesoria,3.0,0.0,0.0,0.0
PowerBrand Tarcza pilarska 24,Akcesoria,3.0,0.0,0.0,0.0
PowerBrand Tarcza pilarska 26,Akcesoria,3.0,0.0,0.0,0.0
PowerBrand Tarcza tnąca 3,Akcesoria,3.0,0.0,0.0,0.0
PowerBrand Taśma miernicza 4,Narzędzia ręczne,3.0,0.0,0.0,0.0
PowerBrand Torba 2,"Przechowywanie, składowanie, transport",3.0,0.0,0.0,0.0
PowerBrand Torba,"Przechowywanie, składowanie, transport",3.0,0.0,0.0,0.0
PowerBrand Wiertło płytek 7,Akcesoria,3.0,0.0,0.0,0.0
PowerBrand Wiertło szalunkowe 5,Akcesoria,3.0,0.0,0.0,0.0
PowerBrand Wkrętak izolowany,Narzędzia ręczne,3.0,1.0,1.0,21.780001
PowerBrand Wkrętak krzyżowy 6,Narzędzia ręczne,3.0,0.0,0.0,0.0
PowerBrand Wkrętak płaski 2,Narzędzia ręczne,3.0,0.0,0.0,0.0
PowerBrand Wkrętak płaski 3,Narzędzia ręczne,3.0,0.0,0.0,0.0
PowerBrand Wkładka piankowa 4,"Przechowywanie, składowanie, transport",3.0,0.0,0.0,0.0
PowerBrand Wkładka piankowa 3,Narzędzia ręczne,3.0,0.0,0.0,0.0
PowerBrand Wózek transportowy,"Przechowywanie, składowanie, transport",3.0,0.0,0.0,0.0
PowerBrand Zestaw bitów 9,Akcesoria,3.0,0.0,0.0,0.0
PowerBrand Zestaw wkrętaków 6,Narzędzia ręczne,3.0,1.0,0.0,0.0
PowerBrand Nóż ostrzem,Narzędzia ręczne,3.0,0.0,0.0,0.0
PowerBrand Łańcuch foph,PILARKI ŁAŃCUCHOWE,3.0,0.0,0.0,0.0
PowerBrand Wyrzynarka fjs,Elektronarzędzia,2.0,0.0,0.0,0.0
PowerBrand Adapter walizek,"Przechowywanie, składowanie, transport",2.0,0.0,0.0,0.0
PowerBrand Akumulatorowy odkurzacz 2,Elektronarzędzia,2.0,0.0,0.0,0.0
PowerBrand Beta klucz,KLUCZE UDAROWE,2.0,0.0,0.0,0.0
PowerBrand Bity udarowe 29,Akcesoria,2.0,0.0,0.0,0.0
PowerBrand Brzeszczot metalu 3,Akcesoria,2.0,0.0,0.0,0.0
PowerBrand Buty robocze 26,Środki Ochrony Osobistej BHP,2.0,0.0,0.0,0.0
PowerBrand Buty robocze 34,Środki Ochrony Osobistej BHP,2.0,0.0,0.0,0.0
PowerBrand Buty robocze 27,Środki Ochrony Osobistej BHP,2.0,0.0,0.0,0.0
DiamondTools Mechanic firefly,SZLIFIERKI,2.0,2.0,1.0,75.76
DiamondTools Centrator prowadnica,Akcesoria,2.0,0.0,0.0,0.0
DiamondTools Dds unc 2,Akcesoria,2.0,1.0,0.0,0.0
DiamondTools Dds wiertło 9,Akcesoria,2.0,1.0,1.0,237.170002
DiamondTools Esthete ultracienka 2,Akcesoria,2.0,0.0,0.0,0.0
DiamondTools Pro tech,Akcesoria,2.0,0.0,0.0,0.0
DiamondTools Przystawka drillduster,Akcesoria,2.0,0.0,0.0,0.0
DiamondTools Wiertło diamentowe,Akcesoria,2.0,0.0,0.0,0.0
PowerBrand Fazownik gwintów,Akcesoria,2.0,0.0,0.0,0.0
PowerBrand Hełm bolt,Środki Ochrony Osobistej BHP,2.0,0.0,0.0,0.0
PowerBrand Hełm bolt 2,Środki Ochrony Osobistej BHP,2.0,0.0,0.0,0.0
PowerBrand Hełm bolt 7,Środki Ochrony Osobistej BHP,2.0,0.0,0.0,0.0
PowerBrand Hełm bolt 4,Środki Ochrony Osobistej BHP,2.0,0.0,0.0,0.0
PowerBrand Hełm ochronny 3,Środki Ochrony Osobistej BHP,2.0,0.0,0.0,0.0
PowerBrand Hogert latarka,Oświetlenie,2.0,2.0,0.0,0.0
PowerBrand Hogert lampa,Oświetlenie,2.0,3.0,1.0,44.280001
PowerBrand Hogert lampa 2,Oświetlenie,2.0,4.0,2.0,94.900002
PowerBrand Hogert zaciskarka,Narzędzia ręczne,2.0,0.0,0.0,0.0
PowerBrand Hogert zestaw 6,Narzędzia ręczne,2.0,0.0,0.0,0.0
PowerBrand Hogert lutownica,Elektronarzędzia,2.0,3.0,1.0,103.519998
PowerBrand Hogert uniwersalna,AKUMULATORY I ŁADOWARKI,2.0,0.0,0.0,0.0
PowerBrand Hogert odkurzacz,ODKURZACZE,2.0,0.0,0.0,0.0
PowerBrand Högert lampa,Oświetlenie,2.0,0.0,0.0,0.0
PowerBrand Inkzall olejowy 3,Narzędzia ręczne,2.0,0.0,0.0,0.0
PowerBrand Inkzall olejowy 4,Narzędzia ręczne,2.0,0.0,0.0,0.0
PowerBrand Klucz nastawny,Narzędzia ręczne,2.0,0.0,0.0,0.0
PowerBrand Klucz półotwarty 2,Narzędzia ręczne,2.0,0.0,0.0,0.0
PowerBrand Klucz półotwarty 3,Narzędzia ręczne,2.0,0.0,0.0,0.0
PowerBrand Kurtka podgrzewana,Środki Ochrony Osobistej BHP,2.0,0.0,0.0,0.0
PowerBrand Kurtka podgrzewana 2,Środki Ochrony Osobistej BHP,2.0,0.0,0.0,0.0
PowerBrand Kątownik ciesielski 2,Narzędzia ręczne,2.0,1.0,0.0,0.0
PowerBrand Lampa oświetlania,Oświetlenie,2.0,0.0,0.0,0.0
PowerBrand Lampa reflektor,Oświetlenie,2.0,1.0,0.0,0.0
PowerBrand Latarka alkaliczna,Oświetlenie,2.0,0.0,0.0,0.0
PowerBrand Latarka akumulatorowa,Oświetlenie,2.0,0.0,0.0,0.0
PowerBrand Latarka zasilana,Oświetlenie,2.0,0.0,0.0,0.0
PowerBrand Akumulatorowa wiertarko,Elektronarzędzia,2.0,1.0,0.0,0.0
PowerBrand Szlifierka mimośrodowa 2,Elektronarzędzia,2.0,0.0,0.0,0.0
PowerBrand Hsfsm wysokoobrotowa,Elektronarzędzia,2.0,0.0,0.0,0.0
PowerBrand Głośnik bluetooth 3,Elektronarzędzia,2.0,0.0,0.0,0.0
PowerBrand Kamera inspekcyjna,Elektronarzędzia,2.0,0.0,0.0,0.0
PowerBrand Akumulator ion 5,Elektronarzędzia,2.0,0.0,0.0,0.0
PowerBrand Przecinarka,(not set),2.0,0.0,0.0,0.0
PowerBrand Nożyce blachy,Elektronarzędzia,2.0,0.0,0.0,0.0
PowerBrand Klucz udarowy 13,Elektronarzędzia,2.0,0.0,0.0,0.0
PowerBrand One key 7,Elektronarzędzia,2.0,0.0,0.0,0.0
PowerBrand Onersal one,Oświetlenie,2.0,0.0,0.0,0.0
PowerBrand Kompaktowa bezszczotkowa 9,Elektronarzędzia,2.0,0.0,0.0,0.0
PowerBrand Magnetyczny uchwyty 2,Akcesoria,2.0,0.0,0.0,0.0
PowerBrand Metabo asc,Elektronarzędzia,2.0,0.0,0.0,0.0
PowerBrand Metabo ssd,Elektronarzędzia,2.0,0.0,0.0,0.0
PowerBrand Metabo ssw,Elektronarzędzia,2.0,0.0,0.0,0.0
PowerBrand Metabo wvb,Elektronarzędzia,2.0,0.0,0.0,0.0
PowerBrand Szczęki zaciskowe,ZACISKARKI,2.0,0.0,0.0,0.0
PowerBrand Taśma miernicza 5,Narzędzia ręczne,2.0,0.0,0.0,0.0
PowerBrand Inkzall markery,Narzędzia ręczne,2.0,6.0,3.0,56.189999
PowerBrand Szlifierka polerka,Elektronarzędzia,2.0,0.0,0.0,0.0
PowerBrand Piła szablasta,Elektronarzędzia,2.0,0.0,0.0,0.0
PowerBrand Led flood,Oświetlenie,2.0,0.0,0.0,0.0
PowerBrand Alip lampa,Elektronarzędzia,2.0,1.0,0.0,0.0
PowerBrand Bprt nitownica 2,Elektronarzędzia,2.0,0.0,0.0,0.0
PowerBrand Subkompaktowa pilarka,Elektronarzędzia,2.0,1.0,0.0,0.0
PowerBrand Kurtka podgrzewana 3,Środki Ochrony Osobistej BHP,2.0,0.0,0.0,0.0
PowerBrand Pcss akumulatorowa 2,Elektronarzędzia,2.0,1.0,0.0,0.0
PowerBrand Kompaktowa ładowarka,Elektronarzędzia,2.0,1.0,1.0,319.999999
PowerBrand Fbpv akumulatorowy,Elektronarzędzia,2.0,0.0,0.0,0.0
PowerBrand Pilarka łańcuchowa 4,Narzędzia ogrodowe,2.0,0.0,0.0,0.0
PowerBrand Pilarka tarczowa 5,Elektronarzędzia,2.0,0.0,0.0,0.0
PowerBrand Foph bba,Narzędzia ogrodowe,2.0,1.0,0.0,0.0
PowerBrand Foph rba,Narzędzia ogrodowe,2.0,1.0,0.0,0.0
PowerBrand Fpcs akumulatorowa,Elektronarzędzia,2.0,0.0,0.0,0.0
PowerBrand Fpm mieszarka,Elektronarzędzia,2.0,0.0,0.0,0.0
PowerBrand Fsgc wkrętarka,Elektronarzędzia,2.0,0.0,0.0,0.0
PowerBrand Urządzenie rozruchowe,MASZYNY SPECJALISTYCZNE,2.0,0.0,0.0,0.0
PowerBrand Lampa zaciskiem,Oświetlenie,2.0,0.0,0.0,0.0
PowerBrand Akumulator ion 6,Maszyny Budowlane MX FUEL,2.0,0.0,0.0,0.0
PowerBrand Performance baseball 3,Środki Ochrony Osobistej BHP,2.0,0.0,0.0,0.0
PowerBrand Performance baseball 2,Środki Ochrony Osobistej BHP,2.0,0.0,0.0,0.0
PowerBrand Tarcza pilarska 27,Akcesoria,2.0,0.0,0.0,0.0
PowerBrand Młot wiercąco 4,Elektronarzędzia,2.0,0.0,0.0,0.0
PowerBrand Młotek bezodrzutowy,Narzędzia ręczne,2.0,0.0,0.0,0.0
PowerBrand Nakolanniki ochronne 2,Środki Ochrony Osobistej BHP,2.0,1.0,1.0,212.269999
PowerBrand Nasadka długa,Narzędzia ręczne,2.0,0.0,0.0,0.0
PowerBrand Nasadka krótka,Narzędzia ręczne,2.0,0.0,0.0,0.0
PowerBrand Nasadka udarowa 16,Akcesoria,2.0,0.0,0.0,0.0
PowerBrand Nasadka udarowa 17,Akcesoria,2.0,0.0,0.0,0.0
PowerBrand Nasadka udarowa 18,Akcesoria,2.0,0.0,0.0,0.0
PowerBrand Nasadka udarowa 19,Akcesoria,2.0,0.0,0.0,0.0
PowerBrand Nasadka udarowa 34,Akcesoria,2.0,2.0,2.0,42.839997
PowerBrand Nasadka udarowa 20,Akcesoria,2.0,0.0,0.0,0.0
PowerBrand Nożyce blachy 2,Narzędzia ręczne,2.0,0.0,0.0,0.0
PowerBrand Nóż składany 5,Narzędzia ręczne,2.0,0.0,0.0,0.0
PowerBrand Okulary ochronne 14,Środki Ochrony Osobistej BHP,2.0,1.0,2.0,332.720003
PowerBrand Okulary ochronne 15,Środki Ochrony Osobistej BHP,2.0,0.0,0.0,0.0
PowerBrand Organizer duży,"Przechowywanie, składowanie, transport",2.0,0.0,0.0,0.0
PowerBrand Organizer narzędziowy,"Przechowywanie, składowanie, transport",2.0,1.0,0.0,0.0
PowerBrand Otwornica bimetalowa 38,Akcesoria,2.0,0.0,0.0,0.0
PowerBrand Otwornica bimetalowa 39,Akcesoria,2.0,0.0,0.0,0.0
PowerBrand Otwornica bimetalowa 40,Akcesoria,2.0,0.0,0.0,0.0
PowerBrand Otwornica bimetalowa 41,Akcesoria,2.0,0.0,0.0,0.0
PowerBrand Otwornica bimetalowa 42,Akcesoria,2.0,0.0,0.0,0.0
PowerBrand Otwornica diamentowa,Akcesoria,2.0,0.0,0.0,0.0
PowerBrand Piła tworzyw,Narzędzia ręczne,2.0,0.0,0.0,0.0
PowerBrand Plecak 2,"Przechowywanie, składowanie, transport",2.0,0.0,0.0,0.0
PowerBrand Plecak roboczy,"Przechowywanie, składowanie, transport",2.0,0.0,0.0,0.0
PowerBrand Pobijak,Narzędzia ręczne,2.0,0.0,0.0,0.0
PowerBrand Poziomica mini,Narzędzia ręczne,2.0,1.0,0.0,0.0
PowerBrand Poziomica redstick 4,Narzędzia ręczne,2.0,0.0,0.0,0.0
PowerBrand Poziomica slim 11,Narzędzia ręczne,2.0,0.0,0.0,0.0
PowerBrand Proxxon lhw,Elektronarzędzia,2.0,0.0,0.0,0.0
PowerBrand Przecinarka akumulatorowa,Maszyny Budowlane MX FUEL,2.0,0.0,0.0,0.0
PowerBrand Redukcja hex,Akcesoria,2.0,0.0,0.0,0.0
PowerBrand Rękawice zastosowń 3,Środki Ochrony Osobistej BHP,2.0,0.0,0.0,0.0
PowerBrand Rękawice podwyższonym 2,Środki Ochrony Osobistej BHP,2.0,0.0,0.0,0.0
PowerBrand Rękawice ochronne 5,Środki Ochrony Osobistej BHP,2.0,0.0,0.0,0.0
PowerBrand Rękawice odporne 19,Środki Ochrony Osobistej BHP,2.0,0.0,0.0,0.0
PowerBrand Rękawice zimowe 3,Środki Ochrony Osobistej BHP,2.0,0.0,0.0,0.0
PowerBrand Rękawice zimowe 5,Środki Ochrony Osobistej BHP,2.0,0.0,0.0,0.0
PowerBrand Skrzynia 2,"Przechowywanie, składowanie, transport",2.0,0.0,0.0,0.0
PowerBrand Skrzynia narzędziowa 2,"Przechowywanie, składowanie, transport",2.0,0.0,0.0,0.0
PowerBrand Szczypce czołowe,Narzędzia ręczne,2.0,0.0,0.0,0.0
PowerBrand Szczypce cięcia,Narzędzia ręczne,2.0,1.0,0.0,0.0
PowerBrand Szczypce długie,Narzędzia ręczne,2.0,0.0,0.0,0.0
PowerBrand Szczypce zaciskowe 2,Narzędzia ręczne,2.0,0.0,0.0,0.0
PowerBrand Szczypce łańcuchowe,Narzędzia ręczne,2.0,0.0,0.0,0.0
PowerBrand Tarcza listkowe 4,Akcesoria,2.0,0.0,0.0,0.0
PowerBrand Tarcza pilarska 29,Akcesoria,2.0,0.0,0.0,0.0
PowerBrand Tarcza pilarska 25,Akcesoria,2.0,0.0,0.0,0.0
PowerBrand Tarcza tnąca 4,Akcesoria,2.0,6.0,3.0,6.450005
PowerBrand Tarcza tnąca 5,Akcesoria,2.0,0.0,0.0,0.0
PowerBrand Tarcza nasypem,Akcesoria,2.0,0.0,0.0,0.0
PowerBrand Tarcza ścierna,Akcesoria,2.0,0.0,0.0,0.0
PowerBrand Torba przenoszenia,"Przechowywanie, składowanie, transport",2.0,0.0,0.0,0.0
PowerBrand Udarowe piła 2,Akcesoria,2.0,0.0,0.0,0.0
PowerBrand Uchwyty bitów 3,Akcesoria,2.0,0.0,0.0,0.0
PowerBrand Uniwersalna walizka,"Przechowywanie, składowanie, transport",2.0,1.0,0.0,0.0
PowerBrand Uniwersalny wkrętak 2,Narzędzia ręczne,2.0,0.0,0.0,0.0
PowerBrand Walizka box,"Przechowywanie, składowanie, transport",2.0,0.0,0.0,0.0
PowerBrand Wiertło metalu,Akcesoria,2.0,0.0,0.0,0.0
PowerBrand Wiertło metalu 2,Akcesoria,2.0,0.0,0.0,0.0
PowerBrand Wiertło metalu 3,Akcesoria,2.0,0.0,0.0,0.0
PowerBrand Wiertło sds,Akcesoria,2.0,0.0,0.0,0.0
PowerBrand Wiertło sds 2,Akcesoria,2.0,2.0,1.0,593.36
PowerBrand Wiertło sds 3,Akcesoria,2.0,0.0,0.0,0.0
PowerBrand Wiertło sds 17,Akcesoria,2.0,0.0,0.0,0.0
PowerBrand Wiertło sds 4,Akcesoria,2.0,1.0,1.0,23.790001
PowerBrand Wiertło metalu 10,Akcesoria,2.0,0.0,0.0,0.0
PowerBrand Wiertło piórowe 2,Akcesoria,2.0,0.0,0.0,0.0
PowerBrand Wiertło szalunkowe 6,Akcesoria,2.0,0.0,0.0,0.0
PowerBrand Wiertło uniwersalne 8,Akcesoria,2.0,0.0,0.0,0.0
PowerBrand Wkrętak izolowany 4,Narzędzia ręczne,2.0,1.0,1.0,27.429999
PowerBrand Wkrętak izolowany 2,Narzędzia ręczne,2.0,0.0,0.0,0.0
PowerBrand Wkrętak krzyżowy 7,Narzędzia ręczne,2.0,0.0,0.0,0.0
PowerBrand Wkładka piankowa 6,Narzędzia ręczne,2.0,0.0,0.0,0.0
PowerBrand Zestaw narzędziowy,Narzędzia ręczne,2.0,0.0,0.0,0.0
PowerBrand Zestaw nasadek 6,Narzędzia ręczne,2.0,0.0,0.0,0.0
PowerBrand Zestawy bitów 2,Akcesoria,2.0,0.0,0.0,0.0
PowerBrand Zestawy bitów 3,Akcesoria,2.0,0.0,0.0,0.0
PowerBrand Zielony laser,Narzędzia pomiarowe,2.0,0.0,0.0,0.0
PowerBrand Żyłka 2,Narzędzia ogrodowe,2.0,0.0,0.0,0.0
PowerBrand Adapter udarowy 2,Akcesoria,1.0,0.0,0.0,0.0
PowerBrand Adaptery nasadek,Akcesoria,1.0,2.0,1.0,40.329999
PowerBrand Alkaliczna latarka,Oświetlenie,1.0,0.0,0.0,0.0
PowerBrand Alkaliczna latarka 2,Oświetlenie,1.0,0.0,0.0,0.0
PowerBrand Bit udarowy 6,Akcesoria,1.0,0.0,0.0,0.0
PowerBrand Bity udarowe 30,Akcesoria,1.0,0.0,0.0,0.0
PowerBrand Bity udarowe 31,Akcesoria,1.0,0.0,0.0,0.0
PowerBrand Bity udarowe 32,Akcesoria,1.0,0.0,0.0,0.0
PowerBrand Bity udarowe 33,Akcesoria,1.0,0.0,0.0,0.0
PowerBrand Bity udarowe 34,Akcesoria,1.0,1.0,0.0,0.0
PowerBrand Bity udarowe 35,Akcesoria,1.0,0.0,0.0,0.0
PowerBrand Bluza podgrzewana,Środki Ochrony Osobistej BHP,1.0,0.0,0.0,0.0
PowerBrand Bluza kapturem 2,Środki Ochrony Osobistej BHP,1.0,0.0,0.0,0.0
PowerBrand Bluza kapturem 3,Środki Ochrony Osobistej BHP,1.0,0.0,0.0,0.0
PowerBrand Bluza kapturem 4,Środki Ochrony Osobistej BHP,1.0,0.0,0.0,0.0
PowerBrand Brzeszczot węglikiem 2,Akcesoria,1.0,0.0,0.0,0.0
PowerBrand Brzeszczot drewna 5,Akcesoria,1.0,0.0,0.0,0.0
PowerBrand Brzeszczot metalu 4,Akcesoria,1.0,0.0,0.0,0.0
PowerBrand Brzeszczot metalu 5,Akcesoria,1.0,0.0,0.0,0.0
PowerBrand Brzeszczot metalu 6,Akcesoria,1.0,0.0,0.0,0.0
PowerBrand Brzeszczot blaty 2,Akcesoria,1.0,0.0,0.0,0.0
PowerBrand Brzeszczot materiał,Akcesoria,1.0,0.0,0.0,0.0
PowerBrand Brzeszczot metalu 7,Akcesoria,1.0,0.0,0.0,0.0
PowerBrand Brzeszczot metalu 8,Akcesoria,1.0,0.0,0.0,0.0
PowerBrand Brzeszczot metalu 9,Akcesoria,1.0,0.0,0.0,0.0
PowerBrand Brzeszczot multitoola,Akcesoria,1.0,0.0,0.0,0.0
PowerBrand Brzeszczot multitoola 2,Akcesoria,1.0,0.0,0.0,0.0
PowerBrand Brzeszczot multitoola 3,Akcesoria,1.0,0.0,0.0,0.0
PowerBrand Brzeszczot multitoola 4,Akcesoria,1.0,0.0,0.0,0.0
PowerBrand Brzeszczot wyrzynarki 13,Akcesoria,1.0,0.0,0.0,0.0
PowerBrand Brzeszczot wyrzynarki 14,Akcesoria,1.0,0.0,0.0,0.0
PowerBrand Brzeszczot wyrzynarki 15,Akcesoria,1.0,0.0,0.0,0.0
PowerBrand Brzeszczot uniwersalny 2,Akcesoria,1.0,0.0,0.0,0.0
PowerBrand Brzeszczoty hackzall,Akcesoria,1.0,0.0,0.0,0.0
PowerBrand Butelka termiczna 4,SYSTEM PACKOUT,1.0,0.0,0.0,0.0
PowerBrand Buty robocze 29,Środki Ochrony Osobistej BHP,1.0,0.0,0.0,0.0
PowerBrand Buty robocze 30,Środki Ochrony Osobistej BHP,1.0,0.0,0.0,0.0
PowerBrand Buty robocze 31,Środki Ochrony Osobistej BHP,1.0,0.0,0.0,0.0
PowerBrand Buty robocze 32,Środki Ochrony Osobistej BHP,1.0,0.0,0.0,0.0
PowerBrand Buty robocze 33,Środki Ochrony Osobistej BHP,1.0,1.0,0.0,0.0
PowerBrand Buty robocze 35,Środki Ochrony Osobistej BHP,1.0,0.0,0.0,0.0
PowerBrand Buty robocze 36,Środki Ochrony Osobistej BHP,1.0,0.0,0.0,0.0
PowerBrand Buty robocze 37,Środki Ochrony Osobistej BHP,1.0,1.0,0.0,0.0
PowerBrand Czapka daszkiem 2,Środki Ochrony Osobistej BHP,1.0,0.0,0.0,0.0
PowerBrand Czapka daszkiem 3,Środki Ochrony Osobistej BHP,1.0,0.0,0.0,0.0
PowerBrand Dcwu,(not set),1.0,0.0,0.0,0.0
DiamondTools Dds wiertło 12,Akcesoria,1.0,0.0,0.0,0.0
DiamondTools Dds wiertło 13,Akcesoria,1.0,0.0,0.0,0.0
DiamondTools Dds dld,Akcesoria,1.0,0.0,0.0,0.0
DiamondTools Dds korona,Akcesoria,1.0,0.0,0.0,0.0
DiamondTools Green point,Akcesoria,1.0,0.0,0.0,0.0
DiamondTools Hard ceramics 5,Akcesoria,1.0,0.0,0.0,0.0
DiamondTools Hard ceramics 6,Akcesoria,1.0,0.0,0.0,0.0
DiamondTools Mechanic airchaser 2,SZLIFIERKI,1.0,0.0,0.0,0.0
DiamondTools Pipe rura,KĄTOWE,1.0,0.0,0.0,0.0
DiamondTools Przystawka drillduster 2,Akcesoria,1.0,1.0,0.0,0.0
DiamondTools Technic advanced,Akcesoria,1.0,0.0,0.0,0.0
PowerBrand Gogle ochronne,Środki Ochrony Osobistej BHP,1.0,0.0,0.0,0.0
PowerBrand Grzechotka 2,Narzędzia ręczne,1.0,0.0,0.0,0.0
PowerBrand Hełm bolt 5,Środki Ochrony Osobistej BHP,1.0,0.0,0.0,0.0
PowerBrand Hełm bolt 6,Środki Ochrony Osobistej BHP,1.0,1.0,0.0,0.0
PowerBrand Hełm ochronny 4,Środki Ochrony Osobistej BHP,1.0,0.0,0.0,0.0
PowerBrand Hogert latarka 2,Oświetlenie,1.0,0.0,0.0,0.0
PowerBrand Hogert naświetlacz 2,Oświetlenie,1.0,0.0,0.0,0.0
PowerBrand Hogert szczypce,Narzędzia ręczne,1.0,0.0,0.0,0.0
PowerBrand Hogert zestaw 5,Narzędzia ręczne,1.0,0.0,0.0,0.0
PowerBrand Hogert akumulator 2,AKUMULATORY I ŁADOWARKI,1.0,0.0,0.0,0.0
PowerBrand Hogert frez,Akcesoria,1.0,0.0,0.0,0.0
PowerBrand Hogert tarcza,Akcesoria,1.0,0.0,0.0,0.0
PowerBrand Hogert zestaw 7,Narzędzia ręczne,1.0,0.0,0.0,0.0
PowerBrand Inkzall cienkie,Narzędzia ręczne,1.0,1.0,1.0,32.539998
PowerBrand Inkzall cienkopisy 2,Narzędzia ręczne,1.0,0.0,0.0,0.0
PowerBrand Kompaktowa płyta,"Przechowywanie, składowanie, transport",1.0,0.0,0.0,0.0
PowerBrand Kompaktowe klucze,Narzędzia ręczne,1.0,0.0,0.0,0.0
PowerBrand Kompaktowy nożyk,Narzędzia ręczne,1.0,0.0,0.0,0.0
PowerBrand Koszulka hybrydowa,Środki Ochrony Osobistej BHP,1.0,0.0,0.0,0.0
PowerBrand Koszulka hybrydowa 2,Środki Ochrony Osobistej BHP,1.0,0.0,0.0,0.0
PowerBrand Kurtka podgrzewana 4,Środki Ochrony Osobistej BHP,1.0,0.0,0.0,0.0
PowerBrand Kurtka podgrzewana 5,Środki Ochrony Osobistej BHP,1.0,0.0,0.0,0.0
PowerBrand Kurtka podgrzewana 6,Środki Ochrony Osobistej BHP,1.0,0.0,0.0,0.0
PowerBrand Lampa led,Oświetlenie,1.0,0.0,0.0,0.0
PowerBrand Lampa oświetlania 2,Oświetlenie,1.0,0.0,0.0,0.0
PowerBrand Lampa stojąca 3,Oświetlenie,1.0,0.0,0.0,0.0
PowerBrand Lampa strefowa,Oświetlenie,1.0,0.0,0.0,0.0
PowerBrand Latarka dopasowując,Oświetlenie,1.0,0.0,0.0,0.0
PowerBrand Latarka wbudowanym,Oświetlenie,1.0,0.0,0.0,0.0
PowerBrand Lekka koszulka,Środki Ochrony Osobistej BHP,1.0,0.0,0.0,0.0
PowerBrand Lekka koszulka 2,Środki Ochrony Osobistej BHP,1.0,0.0,0.0,0.0
PowerBrand Lekka koszulka 3,Środki Ochrony Osobistej BHP,1.0,0.0,0.0,0.0
PowerBrand Lekka koszulka 4,Środki Ochrony Osobistej BHP,1.0,0.0,0.0,0.0
PowerBrand Lekka koszulka 5,Środki Ochrony Osobistej BHP,1.0,0.0,0.0,0.0
PowerBrand Listwa łaty,Maszyny Budowlane MX FUEL,1.0,0.0,0.0,0.0
PowerBrand Blrot bezszczotkowe,Elektronarzędzia,1.0,0.0,0.0,0.0
PowerBrand Nożyce blachy 3,Elektronarzędzia,1.0,0.0,0.0,0.0
PowerBrand Szlifierka trzpieniowa 2,Elektronarzędzia,1.0,0.0,0.0,0.0
PowerBrand Wyrzynarka fjs 2,Elektronarzędzia,1.0,1.0,0.0,0.0
PowerBrand Onehpt subkompaktowa 2,Elektronarzędzia,1.0,0.0,0.0,0.0
PowerBrand Raptorxl obcinak,Elektronarzędzia,1.0,0.0,0.0,0.0
PowerBrand Posic kamera,Elektronarzędzia,1.0,0.0,0.0,0.0
PowerBrand Kamera inspekcyjna 2,Elektronarzędzia,1.0,0.0,0.0,0.0
PowerBrand Laser zielony 4,Narzędzia pomiarowe,1.0,0.0,0.0,0.0
PowerBrand Subkompaktowa biegowa,Elektronarzędzia,1.0,0.0,0.0,0.0
PowerBrand Abl lampa,Oświetlenie,1.0,0.0,0.0,0.0
PowerBrand Bltrc obcinak,Elektronarzędzia,1.0,0.0,0.0,0.0
PowerBrand Piła taśmowa,(not set),1.0,0.0,0.0,0.0
PowerBrand Wibrator igłowy,(not set),1.0,0.0,0.0,0.0
PowerBrand Wysokowydajna szlifierka 2,Elektronarzędzia,1.0,0.0,0.0,0.0
PowerBrand Gwintownica rur,Elektronarzędzia,1.0,0.0,0.0,0.0
PowerBrand Gwoździarka bębnowa,Elektronarzędzia,1.0,0.0,0.0,0.0
PowerBrand One key 6,Elektronarzędzia,1.0,0.0,0.0,0.0
PowerBrand Wyrzynarka rękojeścią 3,Elektronarzędzia,1.0,0.0,0.0,0.0
PowerBrand Hoal lampa,Oświetlenie,1.0,0.0,0.0,0.0
PowerBrand Lampa przenośna,Oświetlenie,1.0,0.0,0.0,0.0
PowerBrand Mała apteczka,Środki Ochrony Osobistej BHP,1.0,0.0,0.0,0.0
PowerBrand Mechanic centrator,Akcesoria,1.0,0.0,0.0,0.0
PowerBrand Mechanic vortex,KĄTOWE,1.0,0.0,0.0,0.0
PowerBrand Metabo wiertarko,Elektronarzędzia,1.0,0.0,0.0,0.0
PowerBrand Metabo ltx,Elektronarzędzia,1.0,0.0,0.0,0.0
PowerBrand Metabo ltx 2,Elektronarzędzia,1.0,0.0,0.0,0.0
PowerBrand Metabo ltx 3,Elektronarzędzia,1.0,1.0,0.0,0.0
PowerBrand Metabo stb,Elektronarzędzia,1.0,1.0,0.0,0.0
PowerBrand Miara taśma 4,Narzędzia ręczne,1.0,0.0,0.0,0.0
PowerBrand Miara taśma 5,Narzędzia ręczne,1.0,0.0,0.0,0.0
PowerBrand Miara taśma 6,Narzędzia ręczne,1.0,0.0,0.0,0.0
PowerBrand Nasadka udarowa 21,Akcesoria,1.0,0.0,0.0,0.0
PowerBrand Laserowy miernik,Narzędzia pomiarowe,1.0,0.0,0.0,0.0
PowerBrand Szczypce wydłużone,Narzędzia ręczne,1.0,0.0,0.0,0.0
PowerBrand Nasadka udarowa 22,Akcesoria,1.0,0.0,0.0,0.0
PowerBrand Mug kubek,"Przechowywanie, składowanie, transport",1.0,0.0,0.0,0.0
PowerBrand Butelka termiczna 5,SYSTEM PACKOUT,1.0,1.0,0.0,0.0
PowerBrand Butelka termiczna 6,SYSTEM PACKOUT,1.0,0.0,0.0,0.0
PowerBrand Butelka czarna,"Przechowywanie, składowanie, transport",1.0,0.0,0.0,0.0
PowerBrand Mac przemysłowy,Elektronarzędzia,1.0,0.0,0.0,0.0
PowerBrand Bluza kapturem 5,Środki Ochrony Osobistej BHP,1.0,0.0,0.0,0.0
PowerBrand Narzędzie obrotowe,Elektronarzędzia,1.0,0.0,0.0,0.0
PowerBrand Dgl szlifierka,Elektronarzędzia,1.0,0.0,0.0,0.0
PowerBrand Ldm dalmierz,Narzędzia pomiarowe,1.0,0.0,0.0,0.0
PowerBrand Grzechotka akumulatorowa 6,Elektronarzędzia,1.0,0.0,0.0,0.0
PowerBrand Kurtka podgrzewana 7,Środki Ochrony Osobistej BHP,1.0,0.0,0.0,0.0
PowerBrand Xxl kurtka,Środki Ochrony Osobistej BHP,1.0,0.0,0.0,0.0
PowerBrand Latarka kieszonkowa,Oświetlenie,1.0,0.0,0.0,0.0
PowerBrand Fchs pilarka 2,Narzędzia ogrodowe,1.0,0.0,0.0,0.0
PowerBrand Pilarka łańcuchowa 5,Narzędzia ogrodowe,1.0,0.0,0.0,0.0
PowerBrand Pilarka łańcuchowa 6,Narzędzia ogrodowe,1.0,0.0,0.0,0.0
PowerBrand Mcs piła 2,Elektronarzędzia,1.0,0.0,0.0,0.0
PowerBrand Szlifierka kątowa 21,Elektronarzędzia,1.0,0.0,0.0,0.0
PowerBrand Buty ochronne 2,Środki Ochrony Osobistej BHP,1.0,0.0,0.0,0.0
PowerBrand Buty ochronne 3,Środki Ochrony Osobistej BHP,1.0,0.0,0.0,0.0
PowerBrand Buty ochronne 4,Środki Ochrony Osobistej BHP,1.0,0.0,0.0,0.0
PowerBrand Buty ochronne 5,Środki Ochrony Osobistej BHP,1.0,0.0,0.0,0.0
PowerBrand Okulary ochronne 16,Środki Ochrony Osobistej BHP,1.0,0.0,0.0,0.0
PowerBrand Wysokie buty 2,Środki Ochrony Osobistej BHP,1.0,0.0,0.0,0.0
PowerBrand Młotek ślusarski,Narzędzia ręczne,1.0,0.0,0.0,0.0
PowerBrand Nasadka udarowa 23,Akcesoria,1.0,0.0,0.0,0.0
PowerBrand Nasadka udarowa 24,Akcesoria,1.0,0.0,0.0,0.0
PowerBrand Nasadka udarowa 25,Akcesoria,1.0,0.0,0.0,0.0
PowerBrand Nasadka udarowa 26,Akcesoria,1.0,0.0,0.0,0.0
PowerBrand Nasadka udarowa 27,Akcesoria,1.0,0.0,0.0,0.0
PowerBrand Nasadka udarowa 28,Akcesoria,1.0,0.0,0.0,0.0
PowerBrand Nasadka udarowa 29,Akcesoria,1.0,0.0,0.0,0.0
PowerBrand Nasadka udarowa 30,Akcesoria,1.0,0.0,0.0,0.0
PowerBrand Nasadka udarowa 31,Akcesoria,1.0,0.0,0.0,0.0
PowerBrand Nasadka udarowa 32,Akcesoria,1.0,0.0,0.0,0.0
PowerBrand Nasadka udarowa 33,Akcesoria,1.0,0.0,0.0,0.0
PowerBrand Nasadka udarowa 35,Akcesoria,1.0,4.0,2.0,63.14
PowerBrand Nasadka udarowa 36,Akcesoria,1.0,0.0,0.0,0.0
PowerBrand Nasadka udarowa 37,Akcesoria,1.0,0.0,0.0,0.0
PowerBrand Nasadki¼″ grzechotką,Narzędzia ręczne,1.0,0.0,0.0,0.0
PowerBrand Nauszniki przeciwhałasowe,Środki Ochrony Osobistej BHP,1.0,1.0,0.0,0.0
PowerBrand Nożyce blachy 4,Narzędzia ręczne,1.0,0.0,0.0,0.0
PowerBrand Nóż wymienny, QUIK-LOK™ WIELOFUNKCYJNE URZĄDZENIE OGRODOWE,1.0,1.0,1.0,70.289998
PowerBrand Nóż metalowym,Narzędzia ręczne,1.0,2.0,1.0,66.599998
PowerBrand Okulary ochronne 17,Środki Ochrony Osobistej BHP,1.0,0.0,0.0,0.0
PowerBrand One key 8,Oświetlenie,1.0,0.0,0.0,0.0
PowerBrand Obcinak rur 2,Narzędzia ręczne,1.0,0.0,0.0,0.0
PowerBrand Obcinak rur 3,Narzędzia ręczne,1.0,0.0,0.0,0.0
PowerBrand Obcinak kabli,Narzędzia ręczne,1.0,0.0,0.0,0.0
PowerBrand Odkurzacz akumulatorowy 3,Elektronarzędzia,1.0,0.0,0.0,0.0
PowerBrand Okulary ochronne 18,Środki Ochrony Osobistej BHP,1.0,0.0,0.0,0.0
PowerBrand Okulary ochronne 19,Środki Ochrony Osobistej BHP,1.0,0.0,0.0,0.0
PowerBrand Organizer średni,"Przechowywanie, składowanie, transport",1.0,0.0,0.0,0.0
PowerBrand Otwornica bimetalowa 43,Akcesoria,1.0,0.0,0.0,0.0
PowerBrand Otwornica bimetalowa 44,Akcesoria,1.0,0.0,0.0,0.0
PowerBrand Otwornica bimetalowa 45,Akcesoria,1.0,0.0,0.0,0.0
PowerBrand Otwornica bimetalowa 46,Akcesoria,1.0,0.0,0.0,0.0
PowerBrand Otwornica węglikiem 16,Akcesoria,1.0,0.0,0.0,0.0
PowerBrand Otwornica zębami 5,Akcesoria,1.0,0.0,0.0,0.0
PowerBrand Poziomica redstick 5,Narzędzia ręczne,1.0,0.0,0.0,0.0
PowerBrand Poziomica redstick 6,Narzędzia ręczne,1.0,0.0,0.0,0.0
PowerBrand Poziomica slim 8,Narzędzia ręczne,1.0,0.0,0.0,0.0
PowerBrand Poziomica slim 9,Narzędzia ręczne,1.0,1.0,1.0,91.08
PowerBrand Poziomica slim 10,Narzędzia ręczne,1.0,1.0,0.0,0.0
PowerBrand Poziomica torpedo 2,Narzędzia ręczne,1.0,0.0,0.0,0.0
PowerBrand Precyzyjny wkrętak,Narzędzia ręczne,1.0,0.0,0.0,0.0
PowerBrand Profesjonalna torba,"Przechowywanie, składowanie, transport",1.0,0.0,0.0,0.0
PowerBrand Proxxon uchwyt,SZLIFIERKI,1.0,1.0,0.0,0.0
PowerBrand Próbnik napięcia,Narzędzia ręczne,1.0,0.0,0.0,0.0
PowerBrand Płyta montażowa,"Przechowywanie, składowanie, transport",1.0,0.0,0.0,0.0
PowerBrand Reflektor składany,Oświetlenie,1.0,0.0,0.0,0.0
PowerBrand Rękawice cut 2,Środki Ochrony Osobistej BHP,1.0,0.0,0.0,0.0
PowerBrand Rękawice dex,Środki Ochrony Osobistej BHP,1.0,0.0,0.0,0.0
PowerBrand Rękawice dex 2,Środki Ochrony Osobistej BHP,1.0,0.0,0.0,0.0
PowerBrand Rękawice dex 3,Środki Ochrony Osobistej BHP,1.0,0.0,0.0,0.0
PowerBrand Rękawice ochronne 6,Środki Ochrony Osobistej BHP,1.0,0.0,0.0,0.0
PowerBrand Rękawice ochronne 7,Środki Ochrony Osobistej BHP,1.0,0.0,0.0,0.0
PowerBrand Rękawice ochronne 8,Środki Ochrony Osobistej BHP,1.0,0.0,0.0,0.0
PowerBrand Rękawice odporne 20,Środki Ochrony Osobistej BHP,1.0,0.0,0.0,0.0
PowerBrand Rękawice odporne 21,Środki Ochrony Osobistej BHP,1.0,0.0,0.0,0.0
PowerBrand Rękawice odporne 22,Środki Ochrony Osobistej BHP,1.0,0.0,0.0,0.0
PowerBrand Rękawice odporne 23,Środki Ochrony Osobistej BHP,1.0,0.0,0.0,0.0
PowerBrand Rękawice odporne 24,Środki Ochrony Osobistej BHP,1.0,1.0,1.0,58.360002
PowerBrand Rękawice odporne 25,Środki Ochrony Osobistej BHP,1.0,0.0,0.0,0.0
PowerBrand Rękawice odporne 26,Środki Ochrony Osobistej BHP,1.0,0.0,0.0,0.0
PowerBrand Rękawice robocze 3,Środki Ochrony Osobistej BHP,1.0,0.0,0.0,0.0
PowerBrand Rękawice robocze 4,Środki Ochrony Osobistej BHP,1.0,0.0,0.0,0.0
PowerBrand Rękawice zimowe 4,Środki Ochrony Osobistej BHP,1.0,0.0,0.0,0.0
PowerBrand Rękawice zimowe 6,Środki Ochrony Osobistej BHP,1.0,0.0,0.0,0.0
PowerBrand Spodnie robocze 4,Środki Ochrony Osobistej BHP,1.0,0.0,0.0,0.0
PowerBrand Spodnie robocze 5,Środki Ochrony Osobistej BHP,1.0,0.0,0.0,0.0
PowerBrand Skrzynia kołach,"Przechowywanie, składowanie, transport",1.0,0.0,0.0,0.0
PowerBrand Składana piła,Narzędzia ręczne,1.0,0.0,0.0,0.0
PowerBrand Składana piła 2,Narzędzia ręczne,1.0,0.0,0.0,0.0
PowerBrand System montażu,"Przechowywanie, składowanie, transport",1.0,0.0,0.0,0.0
PowerBrand Szczypce długie 2,NARZĘDZIA ZACISKOWE,1.0,0.0,0.0,0.0
PowerBrand Szczypce zaciskowe 3,Narzędzia ręczne,1.0,0.0,0.0,0.0
PowerBrand Szlifierka kątowa 22,Elektronarzędzia,1.0,0.0,0.0,0.0
PowerBrand Szlifierka kątowa 23,Elektronarzędzia,1.0,0.0,0.0,0.0
PowerBrand Szlifierka kątowa 24,Elektronarzędzia,1.0,0.0,0.0,0.0
PowerBrand Shirt roboczy,Środki Ochrony Osobistej BHP,1.0,0.0,0.0,0.0
PowerBrand Tarcza diamentowa 3,Akcesoria,1.0,0.0,0.0,0.0
PowerBrand Tarcza diamentowa 4,Akcesoria,1.0,0.0,0.0,0.0
PowerBrand Tarcza diamentowa 5,Akcesoria,1.0,0.0,0.0,0.0
PowerBrand Tarcza garnkowa 2,Akcesoria,1.0,0.0,0.0,0.0
PowerBrand Tarcza listkowe 3,Akcesoria,1.0,0.0,0.0,0.0
PowerBrand Tarcza pilarska 28,Akcesoria,1.0,0.0,1.0,498.329999
PowerBrand Taśma miernicza 6,Narzędzia ręczne,1.0,0.0,0.0,0.0
PowerBrand Taśma miernicza 7,Narzędzia ręczne,1.0,0.0,0.0,0.0
PowerBrand Taśma miernicza 8,Narzędzia ręczne,1.0,0.0,0.0,0.0
PowerBrand Taśma miernicza 9,Narzędzia ręczne,1.0,0.0,0.0,0.0
PowerBrand Uchwyt kubełkowy,"Przechowywanie, składowanie, transport",1.0,0.0,0.0,0.0
PowerBrand Uchwyt narzędzia,"Przechowywanie, składowanie, transport",1.0,0.0,0.0,0.0
PowerBrand Uchwyt szczypce,"Przechowywanie, składowanie, transport",1.0,0.0,0.0,0.0
PowerBrand Uchwyt wiertarki,"Przechowywanie, składowanie, transport",1.0,0.0,0.0,0.0
PowerBrand Uchwyt wkrętaki,"Przechowywanie, składowanie, transport",1.0,0.0,0.0,0.0
PowerBrand Uchwyty akumulatory,"Przechowywanie, składowanie, transport",1.0,0.0,0.0,0.0
PowerBrand Uniwersalny wkrętak,Narzędzia ręczne,1.0,0.0,0.0,0.0
PowerBrand Uniwersalny wkrętak 3,Narzędzia ręczne,1.0,0.0,0.0,0.0
PowerBrand Uniwersalny wkrętak 4,Narzędzia ręczne,1.0,0.0,0.0,0.0
PowerBrand Workskin koszulka,Środki Ochrony Osobistej BHP,1.0,0.0,0.0,0.0
PowerBrand Workskin koszulka 2,Środki Ochrony Osobistej BHP,1.0,0.0,0.0,0.0
PowerBrand Wussow ‑xl,Środki Ochrony Osobistej BHP,1.0,0.0,0.0,0.0
PowerBrand Wiertło metalu 4,Akcesoria,1.0,0.0,0.0,0.0
PowerBrand Wiertło metalu 5,Akcesoria,1.0,0.0,0.0,0.0
PowerBrand Wiertło sds 5,Akcesoria,1.0,0.0,0.0,0.0
PowerBrand Wiertło sds 6,Akcesoria,1.0,0.0,0.0,0.0
PowerBrand Wiertło sds 7,Akcesoria,1.0,0.0,0.0,0.0
PowerBrand Wiertło sds 8,Akcesoria,1.0,0.0,0.0,0.0
PowerBrand Wiertło sds 9,Akcesoria,1.0,0.0,0.0,0.0
PowerBrand Wiertło sds 10,Akcesoria,1.0,0.0,0.0,0.0
PowerBrand Wiertło sds 11,Akcesoria,1.0,1.0,1.0,72.84
PowerBrand Wiertło sds 12,Akcesoria,1.0,0.0,0.0,0.0
PowerBrand Wiertło sds 13,Akcesoria,1.0,0.0,0.0,0.0
PowerBrand Wiertło sds 14,Akcesoria,1.0,0.0,0.0,0.0
PowerBrand Wiertło sds 15,Akcesoria,1.0,0.0,0.0,0.0
PowerBrand Wiertło sds 16,Akcesoria,1.0,0.0,0.0,0.0
PowerBrand Wiertło sds 18,Akcesoria,1.0,1.0,1.0,176.740001
PowerBrand Wiertło sds 19,Akcesoria,1.0,1.0,1.0,20.700002
PowerBrand Wiertło metalu 6,Akcesoria,1.0,0.0,0.0,0.0
PowerBrand Wiertło metalu 7,Akcesoria,1.0,0.0,0.0,0.0
PowerBrand Wiertło metalu 8,Akcesoria,1.0,0.0,0.0,0.0
PowerBrand Wiertło metalu 9,Akcesoria,1.0,0.0,0.0,0.0
PowerBrand Wiertło kręte,Akcesoria,1.0,0.0,0.0,0.0
PowerBrand Wiertło piórowe 3,Akcesoria,1.0,0.0,0.0,0.0
PowerBrand Wiertło piórowe 4,Akcesoria,1.0,0.0,0.0,0.0
PowerBrand Wiertło piórowe 5,Akcesoria,1.0,0.0,0.0,0.0
PowerBrand Wiertło puszkowe,Akcesoria,1.0,0.0,0.0,0.0
PowerBrand Wiertło uniwersalne 9,Akcesoria,1.0,0.0,4.0,84.639999
PowerBrand Wkrętak izolowany 3,Narzędzia ręczne,1.0,0.0,0.0,0.0
PowerBrand Wkrętak izolowany 5,Narzędzia ręczne,1.0,0.0,0.0,0.0
PowerBrand Wkrętak krzyżowy 8,Narzędzia ręczne,1.0,0.0,0.0,0.0
PowerBrand Wkrętak krzyżowy 9,Narzędzia ręczne,1.0,0.0,0.0,0.0
PowerBrand Wkrętak płaski 4,Narzędzia ręczne,1.0,0.0,0.0,0.0
PowerBrand Wkrętak płaski 5,Narzędzia ręczne,1.0,0.0,0.0,0.0
PowerBrand Wkrętak płaski 6,Narzędzia ręczne,1.0,0.0,0.0,0.0
PowerBrand Wkrętak płaski 7,Narzędzia ręczne,1.0,0.0,0.0,0.0
PowerBrand Wkrętak płaski 8,Narzędzia ręczne,1.0,0.0,0.0,0.0
PowerBrand Wkrętak torx 7,Narzędzia ręczne,1.0,0.0,0.0,0.0
PowerBrand Wkrętak torx 8,Narzędzia ręczne,1.0,0.0,0.0,0.0
PowerBrand Wkrętaki izolowane 3,Narzędzia ręczne,1.0,0.0,0.0,0.0
PowerBrand Wkrętaki precyzyjne,Narzędzia ręczne,1.0,0.0,0.0,0.0
PowerBrand Wkładka piankowa 5,"Przechowywanie, składowanie, transport",1.0,0.0,0.0,0.0
PowerBrand Wkładka piankowa 7,"Przechowywanie, składowanie, transport",1.0,0.0,0.0,0.0
PowerBrand Wkładka piankowa 8,Narzędzia ręczne,1.0,0.0,0.0,0.0
PowerBrand Wkładka piankowa 9,"Przechowywanie, składowanie, transport",1.0,0.0,0.0,0.0
PowerBrand Wkłady piankowe,"Przechowywanie, składowanie, transport",1.0,0.0,0.0,0.0
PowerBrand Wkłady piankowe 2,"Przechowywanie, składowanie, transport",1.0,0.0,0.0,0.0
PowerBrand Wózek,"Przechowywanie, składowanie, transport",1.0,1.0,0.0,0.0
PowerBrand Wózek młota,Elektronarzędzia,1.0,0.0,0.0,0.0
PowerBrand Zestaw wierteł 6,Akcesoria,1.0,0.0,0.0,0.0
PowerBrand Zestaw bitów 10,Akcesoria,1.0,2.0,0.0,0.0
PowerBrand Zestaw dłut,Narzędzia ręczne,1.0,0.0,0.0,0.0
PowerBrand Zestaw grotów,Elektronarzędzia,1.0,0.0,0.0,0.0
PowerBrand Zestaw nożyc,Narzędzia ręczne,1.0,0.0,0.0,0.0
PowerBrand Zestaw udarowa,Akcesoria,1.0,0.0,0.0,0.0
PowerBrand Zestawy brzeszczotów,Akcesoria,1.0,0.0,0.0,0.0
PowerBrand Pianki pamięcią,Środki Ochrony Osobistej BHP,1.0,0.0,0.0,0.0
PowerBrand Pianki pamięcią 2,Środki Ochrony Osobistej BHP,1.0,0.0,0.0,0.0
PowerBrand Łańcuch,AKCESORIA DO PILAREK,1.0,0.0,0.0,0.0
PowerBrand Łom,Narzędzia ręczne,1.0,0.0,0.0,0.0
PowerBrand Brzeszczot wyrzynarki 16,Akcesoria,0.0,1.0,0.0,0.0
PowerBrand Buty robocze 40,Środki Ochrony Osobistej BHP,0.0,1.0,0.0,0.0
PowerBrand Czapka daszkiem 4,Środki Ochrony Osobistej BHP,0.0,3.0,0.0,0.0
DiamondTools Cover osłona,Elektronarzędzia,0.0,1.0,0.0,0.0
DiamondTools Dds unc 4,Akcesoria,0.0,1.0,1.0,146.819999
PowerBrand Hogert latarka 3,Oświetlenie,0.0,1.0,0.0,0.0
PowerBrand Hogert kieszenie,PLECAKI I TORBY,0.0,1.0,1.0,22.619999
PowerBrand Högert latarka,Oświetlenie,0.0,1.0,1.0,53.770001
PowerBrand Akumulatorowa szlifierka 4,SZLIFIERKI,0.0,1.0,0.0,0.0
PowerBrand Miara składana 3,Narzędzia ręczne,0.0,2.0,2.0,41.580002
PowerBrand Młotek ślusarski 2,Narzędzia ręczne,0.0,1.0,0.0,0.0
PowerBrand Młotek ślusarski 3,Narzędzia ręczne,0.0,1.0,1.0,102.960002
PowerBrand Nóż składany 6,Narzędzia ręczne,0.0,1.0,0.0,0.0
PowerBrand Płyta montażowa 2,"Przechowywanie, składowanie, transport",0.0,0.0,1.0,154.610002
PowerBrand Szczypce nastawne 5,Narzędzia ręczne,0.0,1.0,0.0,0.0
PowerBrand Wussow jednorazowe,Środki Ochrony Osobistej BHP,0.0,1.0,1.0,37.640001
PowerBrand Wiertło hssr,Akcesoria,0.0,4.0,0.0,0.0
PowerBrand Wiertło sds 20,Akcesoria,0.0,1.0,0.0,0.0
PowerBrand Wiertło metalu 11,Akcesoria,0.0,1.0,0.0,0.0
PowerBrand Wiertło metalu 12,Akcesoria,0.0,4.0,0.0,0.0
PowerBrand Wiertło metalu 13,Akcesoria,0.0,2.0,0.0,0.0
PowerBrand Zestaw wkrętaków 7,Narzędzia ręczne,0.0,1.0,0.0,0.0
PowerBrand Zestaw bitów 11,Akcesoria,0.0,1.0,0.0,0.0
PowerBrand Zestaw kluczy 5,Narzędzia ręczne,0.0,1.0,0.0,0.0
